id,name,display,sku,purchase_price,selling_price,category,parent
2082c5c9-8bf6-422c-8051-8d94096f5f10,Alina special Panini,Alina special,WWSC-PANINI-ALINA-SPECIAL,2,7.95,BAR FOOD,FOOD
782dfba0-7d3d-4dd5-8311-9a8df72dec7b,Apple Crumble,Apple Crumble,APPLE_CRUMBLE,1.58,3.95,BAR FOOD,FOOD
bb74ed3d-fa75-4b16-b08b-539d41a8687e,Bacon Sandwich,Bacon,WWSC-SANDWICH-BACON,2,5.95,BAR FOOD,FOOD
eaa503a0-a615-48da-8ebc-9f20f5c4899f,Beef Bap with Fries,Beef Bap with Fries,BEEF_BAP_WITH_FRIES,3.98,9.95,BAR FOOD,FOOD
39b522e6-4043-4036-828b-5c84ae2fe3c8,Beef Fajita,Beef Fajita,WWSC-BEEF-FAJITA-WRAP,3.8,10.95,BAR FOOD,FOOD
bb12b17f-46a3-4197-b04a-eae86fb298fe,Beef Meatballs & Pasta,Beef Meatballs & Pasta,WWSC-BEEF-MEATBALLS-AND-PASTA,5,10.95,BAR FOOD,FOOD
f23b2958-0e3c-413b-9f25-3ed38bd4ef97,Caesar Salad,Caesar Salad,WWSC-CAESAR-SALAD,2.78,6.95,BAR FOOD,FOOD
0b95a813-8d90-4635-b4d3-c4e338a5ba0a,Cajun Fried Chicken Strips,Cajun Fried Chicken Strips,WWSC-EURO-SOUTHERN-FRIED_CHICKEN-STRIPS,4.78,11.95,BAR FOOD,FOOD
2219214a-c812-455d-b033-5b70aeeb277f,Cheese & Tomato Pizza,Cheese & Tomato Pizza,CHEESE_AND_TOMATO_PIZZA,3.98,9.95,BAR FOOD,FOOD
c45cdff4-6f08-475c-88ec-142a1afda5fd,Cheese & red onion Panini,Cheese & red onion,WWSC-PANINI-CHEESE-AND-RED-ONION,2,7.95,BAR FOOD,FOOD
42ff79e6-c88a-4c2f-908f-20cb5ecf0d64,Chicken & Mushroom Pie,Chicken & Mushroom Pie,CHICKEN_MUSHROOM_PIE,3.5,10.95,BAR FOOD,FOOD
5b67416a-319e-438b-a03a-1eaabc67b6b4,"Chicken Curry, Rice & Naan","Chicken Curry, Rice & Naan",CHICKEN_CURRY_RICE_NAAN,3.5,10.95,BAR FOOD,FOOD
89b9ae1c-dfad-416f-b1db-b8675987b3af,Chicken Fajita,Chicken Fajita,WWSC-EURO-CHICKEN_FAJITA,3.8,10.95,BAR FOOD,FOOD
aff26fa4-523a-4544-9449-0bd551192017,Chicken Fajita Wrap,Chicken Fajita Wrap,CHICKEN_FAJITA_WRAP,3.8,9.5,BAR FOOD,FOOD
d7231970-b231-417b-92ce-c59e6da7f2f8,Chicken Jalfrezi,Chicken Jalfrezi,CHICKEN_JALFREZI,3.5,10.95,BAR FOOD,FOOD
b6a0f4b3-d023-47a0-8d7a-167ec2be8dd7,Chicken Kebab Skewers,Chicken Kebab Skewers,CHICKEN_KEBAB_SKEWERS,5.18,12.95,BAR FOOD,FOOD
b1cce80e-f6d1-4572-8815-321946513705,Chicken Kiev,Chicken Kiev,CHICKEN_KIEV,3.95,10.95,BAR FOOD,FOOD
6f0926f7-49d8-44d9-8e0b-2c8516d57002,Chicken Shawarma,Chicken Shawarma,WWSC-CHICKEN-SHAWARMA,3.58,8.95,BAR FOOD,FOOD
67b04c1f-2114-46c0-8230-e23632137fe7,Chicken Teriyaki,Chicken Teriyaki,CHICKEN_TERIYAKI_RICE,5.475,10.95,BAR FOOD,FOOD
c8d5efea-ec36-4c28-9bf7-db273740ac28,"Chicken, Leek & Mushroom Pie",Chicken Leek & Mushroom Pie,CHICKEN_LEEK_MUSHROOM_PIE,3.5,10.95,BAR FOOD,FOOD
1dee82b2-ff37-4905-ae05-f7e6c6be6059,Chickpea & Spinach Curry & Rice,Chickpea & Spinach Curry & Rice,CHICKPEA_SPINACH_CURRY,3.5,10.95,BAR FOOD,FOOD
9b962cb2-2189-4019-be34-7e2455c8f5b5,Chilli with Rice,"Chilli, Rice & Garlic Bread",WWSC-CHILLI-RICE,2.975,10.95,BAR FOOD,FOOD
65f9dda9-a4a1-4650-8f9c-5e409becf109,Chips,Chips,WWSC-CHIPS,3.25,6.5,BAR FOOD,FOOD
f3cf1f60-700f-4ed3-996e-33d53faf9e75,Chips (large with cheese),Large with Cheese,WWSC-CHIPS-LARGE-CHEESE,2.1,8.5,BAR FOOD,FOOD
646249b6-85c2-4916-8597-4f72917091e0,Chips (large),Large,WWSC-CHIPS-LARGE,2.1,6.5,BAR FOOD,FOOD
9488e31a-79c0-4f3b-bfd8-7dce0b90fcd4,Chips (small with cheese),Small with Cheese,WWSC-CHIPS-SMALL-CHEESE,2.1,4.5,BAR FOOD,FOOD
2b7b1ad1-bda4-4d60-8af7-48ea508f719a,Chips (small),Small,WWSC-CHIPS-SMALL,0.52,3.5,BAR FOOD,FOOD
41a43547-ba44-4d34-adee-6ec743c7c0bf,Chocolate Brownie & Ice Cream,Chocolate Brownie & Ice Cream,WWSC-CHOCOLATE-BROWNIE-ICE-CREAM,1.4,4,BAR FOOD,FOOD
5fc79792-6790-4f27-90bd-4a3d00ea0722,Club Sandwich,Club Sandwich,CLUB_SANDWICH,5.475,10.95,BAR FOOD,FOOD
8403272d-0c70-442b-8195-adb0c3af5126,Cobs,Ham,WWSC-COBS-HAM,1.5,3.5,BAR FOOD,FOOD
f0b78530-be68-46fb-82d3-8e4f80d2dc25,Cobs,Cheese,WWSC-COBS-CHEESE,1.5,3.5,BAR FOOD,FOOD
a29c8e53-ab8d-4aef-b759-9e48593827dc,Cobs,Cobs,WWSC-COBS,1.5,3.5,BAR FOOD,FOOD
67590c60-7fa7-454b-9e2f-8aedaad7c27f,Cod Fillet Burger,Cod Fillet Burger,WWSC-COD-FILLET-BURGER,5,10.95,BAR FOOD,FOOD
95b70d96-9e3e-4d8f-96a5-796357924139,Combo 3 for 10,Combo 3 for 10,WWSC-COMBO3FOR10,5,10,BAR FOOD,FOOD
aef03ddc-bafa-4a6d-9d73-f091af515c95,Combo 5 for 15,Combo 5 for 15,WWSC-COMBO5FOR15,7.5,15,BAR FOOD,FOOD
0e0e79be-43f1-4ca3-a9dc-fd4e4ab0a2e5,Cottage Pie,Cottage Pie,COTTAGE_PIE,4,10.95,BAR FOOD,FOOD
4389e9e9-4c4c-4dee-8efb-2ce239ed0191,Creamy Leek & Mushroom Pie,Creamy Leek & Mushroom Pie,WWSC-CREAMY-LEEK-AND-MUSHROOM-PIE,2.95,9.95,BAR FOOD,FOOD
a9ad9631-f128-4d54-aa23-71240bc37707,Crispy Chilli Beef & Rice,"Crispy Chilli Beef,  Rice & Crackers",WWSC-CRISPY-CHILLI-BEEF-RICE-CRACKERS,3.5,10.95,BAR FOOD,FOOD
73f7ced3-f170-4f47-bd50-51ce912983d0,Curry & Cobra,Curry & Cobra!,WWSC-CURRY-AND-PINT-PROMO,5,12.95,BAR FOOD,FOOD
b231e100-04eb-498e-baf8-9aa1ac373bc4,Curry Sauce,Curry Sauce,CURRY_SAUCE,0.975,1.95,BAR FOOD,FOOD
2db2007d-45dd-40a8-8586-5cbfaeb2b60e,Desserts,Desserts,WWSC-DESSERTS,0.87,3.5,BAR FOOD,FOOD
3e0754c4-87ff-4077-9287-9c316b82fdac,Dirty Fries,Dirty Fries,WWSC-DIRTY-FRIES,3.58,8.95,BAR FOOD,FOOD
684ca620-b80b-4915-9fe1-5f41e0e8cf4b,Dirty Fries with Chilli,Dirty Fries with Chilli,WWSC-DIRTY-FRIES-WITH-CHILLI,3,8.95,BAR FOOD,FOOD
d19f7838-b5c1-4deb-bd6b-fcbe76b053ae,Dirty Fries with Chilli,Dirty Fries with Chilli,WWSC-DIRTY-FRIES-WITH-CHILLI,3,10.95,BAR FOOD,FOOD
7460b703-4c5d-4250-b7f1-36a5c77a0b2f,Double Burger Stack,Double Burger Stack,DOUBLE_BURGER_STACK,3.13,8.95,BAR FOOD,FOOD
8d4dcb03-126b-4ac0-9192-c8f5493c25b7,Egg Mayonnaise Sandwich,Egg Mayonnaise Sandwich,WWSC-EGG-MAYONNAISE-SANDWICH,2.38,5.95,BAR FOOD,FOOD
5aa04843-751c-47c1-9e00-4dd991565985,Egg Mayonnaise Sandwich,Egg mayonnaise,WWSC-SANDWICH-EGG-MAYONNAISE,2,5.95,BAR FOOD,FOOD
b0e8201c-93fd-4cbf-b74b-fe1cc932683d,Eton Mess,Eton Mess,WWSC-ETON-MESS,2.6,6.5,BAR FOOD,FOOD
8d0524fd-c9e3-4db6-95a7-ab0ed6c41d66,"Fajita chicken, peppers & siracha sauce Panini","Fajita chicken, peppers & siracha sauce",WWSC-PANINI-FAJITA-CHICKEN-PEPPERS-AND-SRIRACHA-SAUCE,2,9.95,BAR FOOD,FOOD
32127e84-a32d-4c8c-ba08-5d00277b8694,Falafel Burger,Falafel Burger,WWSC-FALAFEL-BURGER,2.7,7.95,BAR FOOD,FOOD
4cbd03b8-db79-4d65-9b10-b857cdb388e1,Feta Cheese Salad,Feta Cheese Salad,FETA_SALAD,3.8,9.5,BAR FOOD,FOOD
5331041a-7890-4fa2-b432-7aa090a8da14,Fish Finger Sandwich,Fish Finger Sandwich,WWSC-FISH-FINGER-BUTTY,3,7.5,BAR FOOD,FOOD
bf80aae9-b393-441a-8a71-0a2fa473074b,Fish Friday,Fish Friday!,FISH_AND_CHIPS,3.75,12.95,BAR FOOD,FOOD
483f6476-9851-4909-bb2a-6e3512ae4df2,Fish Pie,Fish Pie,FISH_PIE,2.95,9.95,BAR FOOD,FOOD
9abbffce-9fda-47cd-ab4b-76ebc96e5935,"Fishcake, Chips & Peas","Fishcake, Chips & Peas",FISHCAKE_CHIPS_PEAS,3.975,8.95,BAR FOOD,FOOD
6c39bef7-1f55-4b9e-918b-eb50f572b375,Gammon Ham Sandwich,Gammon Ham Sandwich,WWSC-GAMMON-HAM-SANDWICH,2.38,5.95,BAR FOOD,FOOD
52d6153f-e9b6-44da-b6df-d21ec5c6755d,"Gammon, Egg & Chips","Gammon, Egg & Chips",GAMMON_EGG_AND_CHIPS,5.475,10.95,BAR FOOD,FOOD
387c8bf6-c7d5-47c1-bedf-c220b161f2c9,Grated Mature Cheddar Sandwich,Grated Mature Cheddar,WWSC-GRATED-MATURE-CHEDDAR,2.38,5.95,BAR FOOD,FOOD
709fe074-a391-4785-a65c-40bbf0f72c9c,Grated Mature Cheese Sandwich,Grated mature cheese,WWSC-SANDWICH-GRATED-MATURE-CHEESE,2,5.95,BAR FOOD,FOOD
5fa04c09-8c98-48cb-9135-78fe360b055a,Grilled Chicken Burger,Grilled Chicken Burger,GRILLED_CHICKEN_BURGER,4.38,10.95,BAR FOOD,FOOD
d6e0d6c9-6461-4846-a8a9-15af4e6451fc,Grilled Sliced Chicken Breast Sandwich,Chicken Sandwich,GRILLED_CHICKEN_ BREAST_SANDWICH,1.73,5.95,BAR FOOD,FOOD
03bba671-f83a-402d-a885-e365c157ce67,"Grilled chicken, tomato & cashew pesto Panini","Grilled chicken, tomato & cashew pesto",WWSC-PANINI-GRILLED-CHICKEN-TOMATO-AND-CASHEW-PESTO,2.5,9.95,BAR FOOD,FOOD
300676d3-a905-4d7d-a9be-12b9c515fd5f,"Haggis, Mash & Veg","Haggis, Mash & Veg",HAGGIS_MASH_VEG,3.25,9.95,BAR FOOD,FOOD
7845137c-f0d4-4475-84f4-d6f846e9cbfb,Halloumi Burger with Pineapple & Chips,Halloumi Burger With Pineapple & Chips,HALLOUMI_BURGER _CHIPS,4.475,8.95,BAR FOOD,FOOD
adf1771c-743d-4c60-bd0a-85da8d1735a3,Halloumi Kebab Skewers,Halloumi Kebab Skewers,HALLOUMI_KEBAB_SKEWERS,4.78,11.95,BAR FOOD,FOOD
7fa8ff32-ad99-4206-b219-098fd2ba6f87,Ham & cheese Panini,Ham & cheese,WWSC-PANINI-HAM-AND-CHEES,2,7.95,BAR FOOD,FOOD
337eaa16-1139-4764-a59b-e6b943ae7601,Ham Sandwich,Ham,WWSC-SANDWICH-HAM,2,5.95,BAR FOOD,FOOD
8fcbf03d-dc68-4468-8cf9-b604eb201483,Handmade Beef Burger,Handmade Beef Burger,WWSC-BEEF-BURGER,4.38,11.95,BAR FOOD,FOOD
f08c0d36-f3ea-4b28-93fc-90ae250b352b,Hot Beef Bap,Hot Beef Bap,HOT_BEEF_BAP,3.98,9.95,BAR FOOD,FOOD
71c4148a-2551-471f-b2fc-6ab582316391,Hot Dog & Chips,Hot Dog & Chips,HOT_DOG_CHIPS,2.95,7.95,BAR FOOD,FOOD
186e8164-6741-4857-8d4e-539fe59fa59e,Hot Lamb Bap,Hot Lamb Bap,HOT_LAMB_BAP,3.98,9.95,BAR FOOD,FOOD
de7d3bb1-5d32-489a-b4c9-565bf9c7f39c,Hot Pork Bap,Hot Pork Bap,WWSC-HOT-PORK-BAP,3.13,8.95,BAR FOOD,FOOD
e2913298-a28a-44a6-b8df-f1d2d292eb88,Ice Cream,Ice Cream,WWSC-ICE-CREAM,1,3.5,BAR FOOD,FOOD
2a6f9d0d-c778-4388-bd4e-909acd071f23,Ice Cream - Calippo Orange,Ice Cream - Calippo Orange,WWSC-ICE-CREAM-CALIPPO-ORANGE,1,1.7,BAR FOOD,FOOD
b2cdad33-7964-463f-a4a9-921d51b4e8db,Ice Cream - Cornetto Classic,Ice Cream - Cornetto Classic,WWSC-ICE-CREAM-CORNETTO-CLASSIC,1,1.9,BAR FOOD,FOOD
0940816e-c0b4-4f1a-80b0-3774d3a6aaf7,Ice Cream - Magnum Classic,Ice Cream - Magnum Classic,WWSC-ICE-CREAM-MAGNUM-CLASSIC,1.5,2.5,BAR FOOD,FOOD
1dc91fa5-d489-4990-953a-9431a2881d8e,Ice Cream - Twister,Ice Cream - Twister,WWSC-ICE-CREAM-TWISTER,1,1.8,BAR FOOD,FOOD
83943ed1-ca5b-4baf-8af1-b1ea5cc3a56e,Indian Platter,Indian Platter,INDIAN_PLATTER,2.95,10.95,BAR FOOD,FOOD
80cbe502-8f3c-4723-9c82-508372e012f0,Irish Stew,Irish Stew,WWSC-IRISH-STEW,3.13,8.95,BAR FOOD,FOOD
c67a3a8b-9213-45f1-a012-9ed71eb3283e,Jacket Potato,Jacket Potato,WWSC-JACKET-POTATO,2.38,5.95,BAR FOOD,FOOD
b020d673-2d2d-4660-84e8-d7e8f7a1fcbc,"Jumbo Fish Finger, Chips & Peas","Jumbo Fish Finger, Chips & Peas",JUMBO_FISHFINGER_CHIPS_PEAS,3.975,9.95,BAR FOOD,FOOD
a201f198-6d88-4154-a0ed-9422c9b2142f,Katsu Chicken Curry & Rice,Katsu Chicken Curry & Rice,KATSU_CHICKEN_CURRY_,5.475,10.95,BAR FOOD,FOOD
e9e81d4c-62e7-4733-b2d1-6b84448abab7,Lamb Kebab Wrap & Chips,Lamb Kebab Wrap & Chips,LAMB_KEBAB_WRAP_CHIPS,2.95,10.95,BAR FOOD,FOOD
9acf0106-8739-4c58-9373-73617474662a,Lamb Minted Koftas,Lamb Minted Koftas,WWSC-LAMB-MINTED-KOFTAS,4.38,10.95,BAR FOOD,FOOD
9d14c211-ed14-499a-b841-0f97c2970f6a,Lasagne,Lasagne,LASAGNE,4.38,10.95,BAR FOOD,FOOD
1440617d-4f0b-4b6e-82cc-a2c42f3a8d80,Mac & Cheese,Mac & Cheese,MAC_CHEESE_,3.98,9.95,BAR FOOD,FOOD
7300f635-6b12-40f8-b767-6799ceda21f8,Mac & Cheese,Mac & Cheese,WWSC-EURO-MAC_CHEESE,5,9.95,BAR FOOD,FOOD
0145ac19-33a4-44cc-b3f6-84bf32f3599f,Margherita Pizza,Margherita Pizza,WWSC-EURO-MARGHERITA-PIZZA,4.78,11.95,BAR FOOD,FOOD
1115bf99-da4b-44cb-8891-968d2c6bb435,Meat Feast Pizza,Meat Feast Pizza,MEATFEAST_PIZZA,4.78,11.95,BAR FOOD,FOOD
d81334ed-a6af-4e1b-b9e9-5d2fb3c36183,Meatball Pasta,Meatball Pasta,MEATBALL_PASTA,4.945,9.95,BAR FOOD,FOOD
9b733db5-e77c-4455-8213-57e0fd5d631a,Minted Lamb Burger,Minted Lamb Burger,WWSC-MINTED-LAMB-BURGER,3.13,8.95,BAR FOOD,FOOD
8975f428-4a84-45be-9edc-07919ad654d9,Nachos with Cheese & Jalepenos,Nachos with Cheese & Jalepenos,NACHOS_CHEESE_JALEPENOS,3.4,8.5,BAR FOOD,FOOD
1e5d883d-49cc-4f8f-9f06-626cc88ee5a5,Nachos with Chilli,Nachos with Chilli,WWSC-NACHOS-WITH-CHILLI,4.38,10.95,BAR FOOD,FOOD
6a7e2f11-3c9f-4073-b52e-fa5e5f59228a,Onion Rings,Onion Rings,ONION_RINGS,0.75,1.95,BAR FOOD,FOOD
40844e6e-6a44-4a3b-b8fc-db31adc3aa1e,Panini,Panini,WWSC-PANINI,2.5,7,BAR FOOD,FOOD
b1a38c98-76e8-4d05-9114-b162b34a9541,Pasta Carbonara,Pasta Carbonara & Garlic Bread,WWSC-CARBONARA-AND-GARLIC-BREAD,5,10.95,BAR FOOD,FOOD
5c2c3ebf-024f-4396-a1c3-d8bb32335631,Philly Cheesesteak,Philly Cheesesteak,PHILLY_CHEESESTEAK,3.95,10.95,BAR FOOD,FOOD
561f035d-9296-4a27-a48c-6e0b86f74aea,Piri Piri Chicken,Piri Piri Chicken,WWSC-PIRI-PIRI-CHICKEN,4.78,11.95,BAR FOOD,FOOD
787f6f7a-23b9-41b4-9af2-0e6329c46f33,Pulled BBQ Chicken Sub,Pulled BBQ Chicken Sub,PULLED_BBQ_CHICKEN_SUB,3.75,10.95,BAR FOOD,FOOD
4b64ea93-9ea4-47e1-8532-5a49c9624291,Quorn Fajita,Quorn Fajita,VEGETABLE_FAJITA_WRAP_1,3.4,8.5,BAR FOOD,FOOD
76434feb-b541-4672-87b9-ab208204f711,Roast Chicken Breast,Roast Chicken Breast,ROAST_CHICKEN _BREAST,5.18,12.95,BAR FOOD,FOOD
bcafda03-a3c7-4b64-a73e-60e007ce79df,"Roast Pork, Mash & Veg","Roast Pork, Mash & Veg",ROAST_PORK_MASH_VEG,3.95,10.95,BAR FOOD,FOOD
658e95b8-84bc-4afa-9af7-0a2914df7f5e,Sandwich,Sandwich,WWSC-SANDWICH,2,5,BAR FOOD,FOOD
06ffcf1a-35a6-4aff-9a9a-89d02b272313,Sandwich Platter,Sandwich Platter,SANDWICH-PLATTER,6,15,BAR FOOD,FOOD
89c446f3-7f90-4f17-9d4b-56a084511704,Sausage & Mash,"Lashford Sausages, Mash & Gravy",WWSC-SAUSAGE-AND-MASH,4.38,10.95,BAR FOOD,FOOD
c660e86d-7089-4440-92bd-34c3ac9df651,"Sausage Roll, Chips & Beans","Sausage Roll, Chips & Beans",WWSC-SAUSAGE-ROLL-CHIPS-BEANS,2.7,6.95,BAR FOOD,FOOD
b230767d-57fe-4eb3-9ace-1ec5a353ce12,Sausage Sandwich,Sausage Sandwich,WWSC-SAUSAGE-SANDWICH,2.6,6.5,BAR FOOD,FOOD
2d5d075d-601a-4cb3-bee1-068ff53d7808,Sausage Sandwich,Sausage,WWSC-SANDWICH-SAUSAGE,2,6.5,BAR FOOD,FOOD
5301fd4e-7b23-4ecb-9e44-30688e5aceda,"Scampi, Chips & Peas","Scampi, Chips & Pas",SCAMPI_CHIPS_PEAS,3.5,10.95,BAR FOOD,FOOD
6fd26d77-d77c-419c-9bff-e73b5df43271,"Seabass, New Pots & Veg","Seabass, New Pots & Veg",SEABASS-NEW POTS-VEG,2.95,11.95,BAR FOOD,FOOD
3ddc826a-597c-48f1-b434-ae9e384853d1,Sharing Board 3 for £10,Sharing Board 3 FOR £10,SHARING_BOARD,4,10,BAR FOOD,FOOD
6d509b9c-d610-4005-9fea-2078a1b4c20b,Sharing Board 5 for £15,Sharing Board 5 FOR £15,SHARING_BOARD_5_FOR_15,5,15,BAR FOOD,FOOD
62a0a008-0e84-41fa-8a48-de1cc528450d,Shepherd's Pie,Shepherd's Pie,SHEPHERDS_PIE,3.5,10.95,BAR FOOD,FOOD
5e4dea5d-7743-4bc1-aac6-d71711b6f84d,Soup of the Day,Soup of the Day,SOUP_OF_THE_DAY_ROLL,2.2,5.5,BAR FOOD,FOOD
efe70d1e-50b9-4900-a6af-6126fd9b5e5c,Southern Fried Chicken Burger,Southern Fried Chicken Burger,WWSC-SOUTHERN-FRIED-CHICKEN-BURGER,4,10.95,BAR FOOD,FOOD
7f7ad53e-9ec2-4ba9-8e1f-93f142a05fc0,Southern Fried Chicken Strips,Southern Fried Chicken Strips (defunct),WWSC-SOUTHERN-FRIED-CHICKEN-STRIPS,4.78,11.95,BAR FOOD,FOOD
2a252ad4-f4bd-4918-ac00-fb2ea4ff6b9b,Southern Fried Chicken Wrap,Southern Fried Chicken Wrap,SOUTHERN_FRIED_CHICKEN_WRAP,4.5,11.25,BAR FOOD,FOOD
fcab6bda-a770-4fe4-8303-61a4923f74aa,"Southern fried chicken, cheese & BBQ sauce Panini","Southern fried chicken, cheese & BBQ sauce",WWSC-PANINI-SOUTHERN-FRIED-CHICKEN-CHEESE-AND-BBQ-SAUCE,2.5,9.95,BAR FOOD,FOOD
deb2fa57-629d-4c8b-87fa-56e63ad4de95,Spaghetti Bolognese,Spaghetti Bolognese,Spaghetti_Bolognese,2.95,9.95,BAR FOOD,FOOD
3dfb7e7b-d6e0-4305-b0ff-d0f84ca50d7b,Specials this Week,Specials this Week,WWSC-SPECIALS-THIS-WEEK,3,10.95,BAR FOOD,FOOD
465124f1-083c-4375-965e-ef90c8efc780,Specials this Week - Beef and Ale Pie,Beef and Ale Pie,WWSC-SPECIALS-BEEF-ALE-PIE,3,10.95,BAR FOOD,FOOD
0449b107-5af5-4191-9caa-76f30c555a44,Specials this Week - Chicken Curry,Chicken Curry,WWSC-SPECIALS-CHICKEN-CURRY,3,10.95,BAR FOOD,FOOD
ad4d3c5b-ae9f-4e1c-98b8-8a37fb607582,Specials this Week - Pork & Stir Fry,Pork & Stir Fry,WWSC-SPECIALS-PORK-STIR-FRY,3,10.95,BAR FOOD,FOOD
de86757f-8dbc-4e51-a895-9a97df527789,Steak,Steak,WWSC_STEAK,3.13,17.95,BAR FOOD,FOOD
ac71a749-3fdd-4cf6-bc7b-e2fc8498e5a3,Steak & Ale Pie,Steak & Ale Pie,WWSC-STEAK-AND-ALE-PIE,3.5,10.95,BAR FOOD,FOOD
5c5c5662-d6d3-44e6-a9a4-b99929fb8671,Steak & Stilton Pie,Steak & Stilton Pie,STEAK_STILTON_PIE,2.95,10.95,BAR FOOD,FOOD
f2646507-7c20-415d-8ab1-a63e925245b6,Sticky Pork Bao Buns,Sticky Pork Bao Buns,STICKY_PORK_BAO_BUNS,2.95,9.95,BAR FOOD,FOOD
3db432d1-8508-431c-a62a-16ea2f9f9575,Sticky Quorn Bao Buns,Sticky Quorn Bao Buns,STICKY_QUORN_BAO_BUNS,2.95,9.95,BAR FOOD,FOOD
6f17c0c7-8126-4709-9a15-d0a1f7dae81f,Sticky Toffee Pudding,Sticky Toffee Pudding,STICKY_TOFFEE_PUDDING,1.58,3.95,BAR FOOD,FOOD
5d49c6ab-c03e-423f-b83e-c66b0c864019,Tandoori Chicken Salad,Tandoori Chicken Salad,WWSC-TANDOORI-CHICKEN-SALAD,4.975,9.95,BAR FOOD,FOOD
517d8cf7-bcab-4059-8447-799a7aea52a0,Tomato & Basil Pasta,Tomato & Basil Pasta,WWSC-TOMATO-BASIL-PASTA,2.5,8.95,BAR FOOD,FOOD
f67a7db6-fb84-44a8-b582-ccd6c8a0b238,Tuna Mayonnaise Sandwich,Tuna Mayonnaise Sandwich,WWSC-TUNA-MAYONNAISE-SANDWICH,2.38,5.95,BAR FOOD,FOOD
02525476-c5ce-4157-a358-43381e33fe1f,Tuna Mayonnaise Sandwich,Tuna Mayonnaise,WWSC-SANDWICH-TUNA-MAYONNAISE,2,5.95,BAR FOOD,FOOD
a17f9874-8ca2-4a11-8e94-cf6c785b49c4,Tuna Salad,Tuna Salad,WWSC-TUNA-SALAD,2.43,6.95,BAR FOOD,FOOD
16efb82f-5c1f-4168-b8bc-bf9935b28aad,Tuna melt Panini,Tuna melt,WWSC-PANINI-TUNA-MELT,2,7.95,BAR FOOD,FOOD
e628955b-09e1-4f1c-ae69-083af99b7efd,Turkey Bap,Turkey Bap,WWSC-TURKEY-BAP,3.13,8.95,BAR FOOD,FOOD
b1ad6230-43a2-47ad-87b0-2365e505fb77,"Turkey Curry, Rice & Naan","Turkey Curry, Rice & Naan",TURKEY_CURRY_RICE_NAAN,3.5,10.95,BAR FOOD,FOOD
fff1f2bd-4eb4-4cbc-89f5-ae9e83d8838a,Ultimate Combo,Ultimate Combo,ULTIMATE_COMBO,7.18,17.95,BAR FOOD,FOOD
58f0124a-742a-417e-b52b-b27c1a888a94,Vegan cheese Panini,Vegan cheese Panini,WWSC-PANINI-VEGAN-CHEES,2,7.95,BAR FOOD,FOOD
532d6de6-66fc-4c72-ad74-c6720d8a3971,Vegetable Balti,Vegetable Balti,VEGETABLE_BALTI,3.13,7.95,BAR FOOD,FOOD
218189d8-3984-450f-a18f-f5729476af35,Vegetable Lasagne,Vegetable Lasagne,VEGETABLE_LASAGNE,2.95,9.95,BAR FOOD,FOOD
d7f8c033-4f6a-4669-b6aa-bbf82577fbd8,Vegetable Wellington,Vegetable Wellington,VEGETABLE_WELLINGTON,3.13,9.95,BAR FOOD,FOOD
79736d38-440c-49a0-b57c-9f6777d0dbdb,Vegetarian Bolognese,Vegetarian Bolognese,VEGETARIAN_BOLOGNESE,2.95,9.95,BAR FOOD,FOOD
aee0126a-4865-49a3-aee4-410df9d04db3,Vegetarian Fish & Chips,Vegetarian Fish & Chips,VEGETARIAN_ FISH_CHIPS,3.13,9.45,BAR FOOD,FOOD
5860975c-7785-4d24-a466-ca6d864b0f1e,Vegetarian Pizza,Vegetarian Pizza,VEGETARIAN_PIZZA,3.98,9.95,BAR FOOD,FOOD
7a6e01b1-d9bf-4420-85b4-61dad8bca8bb,Vegetarian Platter,Vegetarian Platter,VEGETARIAN_PLATTER,3.75,10.95,BAR FOOD,FOOD
cfadf99f-202a-4d94-8a95-af9b955a26bf,Veggie/Vegan Burger,Veggie/Vegan Burger,WWSC-VEGGIE-BURGER,3.98,9.95,BAR FOOD,FOOD
655b32d0-90e7-47cf-81e4-01d7005a5057,Bacon Bap,Bacon Bap,WWSC-BACON-BAP,1.25,4,BBQ,FOOD
c6605270-25ad-4837-aca7-ec1ace47de66,Breaded Halloumi Burger,Breaded Halloumi Burger,WWSC-BREADED- HALLOUMI-BURGER,1.5,4.95,BBQ,FOOD
6aebceec-b889-445c-8911-dc087243cb75,Burger,Burger,WWSC-BURGER,1.5,4.95,BBQ,FOOD
c91167aa-db70-493d-a7c3-3ec279e7c787,Chicken Burger,Chicken Burger,WWSC-CHICKEN-BURGER,1.25,6.95,BBQ,FOOD
e94004fc-c8fc-44d7-be0d-4e11e8c16355,Chips,Chips,WWSC-CHIPS,1,3,BBQ,FOOD
69eeaff4-9ba9-41d5-9d07-2e8105e863a8,Egg Bap,Egg Bap,WWSC-EGG-BAP,1.25,3.5,BBQ,FOOD
6b2a0150-b59f-476e-9f32-80221455fba7,Halal Chicken Burger,Halal Chicken Burger,WWSC-HALAL-CHICKEN-BURGER,1.25,6.5,BBQ,FOOD
28fd0155-068c-477d-addf-b8a6c43e3624,Hot Dog,Hot Dog,WWSC-HOT-DOG,1.25,4.95,BBQ,FOOD
80369449-8f96-4c46-90c0-50da1c77388a,Lamb Kofta,Lamb Kofta,WWSC-JUBILEE-LAMB-KOFTA,1.5,4.5,BBQ,FOOD
3a4f58a5-3b78-4e8f-bb33-89b69e61f7fe,Minted Lamb Burger,Minted Lamb Burger,WWSC-JUBILEE-MINTED-LAMB-BURGER,2,6.5,BBQ,FOOD
7e5f338c-67b1-4c58-b046-ea60dc2115ea,Pork Kebab,Pork Kebab,WWSC-PORK-KEBAB,1.5,4.5,BBQ,FOOD
7ba995ca-7e17-48f5-9169-a7598d68c4eb,Sausage Bap,Sausage Bap,WWSC-SAUSAGE-BAP,1.25,4,BBQ,FOOD
24ab8126-eed3-49cc-8830-8737e88f7e6e,Steak Baguette,Steak Baguette,WWSC-STEAK-BAGUETTE,2.5,7.5,BBQ,FOOD
99d2f7ae-d235-4f73-a4c1-661def8888e3,Tandoori Chicken,Tandoori Chicken,WWSC-JUBILEE-TANDOORI-CHICKEN,1.5,4.5,BBQ,FOOD
1ecfb908-15b3-4478-bbf0-e5bcf478c0b9,Vegan Cheese & Tomato Toastie,Vegan Cheese & Tomato Toastie,WWSC-VEGAN-CHEESE-TOMATO-TOASTIE,1.25,4,BBQ,FOOD
5906e5be-32a2-43f9-bbd0-b545e43603e0,Vegetarian Sausage Bap,Vegetarian Sausage Bap,WWSC-VEGGIE-SAUSAGE-BAP,1.25,4,BBQ,FOOD
40100fef-8be1-4007-abdb-2752cfa372e4,0% San Miguel,0% San Miguel,WWSC-0%-SAN-MIGUEL,0.77,4.31,BEER,ALCOHOL
15a81dc8-281d-41b8-9729-b980afe04693,2 4  £7.50 Guinness,2 4 £7.50 Guinness,WWSC_GUINNESS_OFFER,1.45,8.438,BEER,ALCOHOL
dccbddf0-4239-4c6a-867d-e96abf54e7e7,2 for £4.50 Coors Light,2 for £4.50 Coors Light,COORS_LIGHT_24450,0.77,4.106,BEER,ALCOHOL
18ff4093-a022-49e1-b650-3a5d20578652,Atlantic Pale Ale,Atlantic Pale Ale,WWSC-ATLANTIC-PALE-ALE,1.43,5.56,BEER,ALCOHOL
e3ca6438-95d6-4e59-9ead-16af176c15be,Atlantic Pale Ale (half),half,WWSC-ATLANTIC-PALE-ALE-HALF,0.72,2.84,BEER,ALCOHOL
8de11e2a-9725-4a24-867d-eba7231c3882,Atlantic Pale Ale (pint),pint,WWSC-ATLANTIC-PALE-ALE-PINT,1.39,5.56,BEER,ALCOHOL
02772511-5a8e-497d-aada-319d174c727c,Badger Fursty Ferret,Badger Fursty Ferret,WWSC-BADGER-FURSTY-FERRET,1.75,5.25,BEER,ALCOHOL
1711309b-89a4-4d0f-a069-da2e32a103e0,Black Sheep,Black Sheep,WWSC-BLACK-SHEEP-BOTTLE,1.75,5.25,BEER,ALCOHOL
04192a61-8a8e-45c6-afbb-91e5a634fc0b,Brew XI,Brew XI,WWSC-BREW-XI,0.87,4.95,BEER,ALCOHOL
9ee1e822-8f2f-48fe-9c90-c80fb92301bd,Brew XI (half),half,WWSC-BREW-XI-HALF,0.43,2.588,BEER,ALCOHOL
83fb6983-408e-40ed-9e37-b490eb76e5bc,Brew XI (pint),pint,WWSC-BREW-XI-PINT,0.87,4.95,BEER,ALCOHOL
4fbf3019-0106-43ec-af8a-2a4e2ae30c55,Brewdog Dead Pony Club,Brewdog Dead Pony Club,WWSC-BREWDOG-DEAD-PONY-CLUB,1.25,3.375,BEER,ALCOHOL
16057a31-c384-43e6-8e54-612c2693071d,Brewdog Dead Pony Club (Variant),Brewdog Dead Pony Club,DEAD_DEAD_DEAD,1.25,4.5,BEER,ALCOHOL
35f6230a-3468-45ae-8eeb-57721c6e2b43,Brewdog Punk IPA,Brewdog Punk IPA,WWSC-BREWDOG-PUNK-IPA,1.25,5.063,BEER,ALCOHOL
804816b8-3e93-4958-8b24-669ac15665a7,Brewdog Shore Leave,Brewdog Shore Leave,WWSC-BREWDOG-SHORE-LEAVE,1.75,5.25,BEER,ALCOHOL
5c896f11-86df-40e0-be26-ef135b6ce22b,Budweiser,Budweiser,WWSC-BUDWEISER,1.1,4.106,BEER,ALCOHOL
e42ff5a9-dec2-4a93-a229-9550387207e9,Carling,Carling,WWSC-CARLING,0.98,5.2,BEER,ALCOHOL
2f1d0dbf-8b7e-489e-a842-c95124846d39,Carling (half),half,WWSC-CARLING-HALF,0.6,2.72,BEER,ALCOHOL
211a0473-ba5d-4dbf-970b-6873c4ccec0d,Carling (jug),jug,WWSC-CARLING-JUG,4.76,19.49,BEER,ALCOHOL
85dabce6-e181-4761-ac78-96ed008d2c4e,Carling (matchday),matchday,WWSC-CARLING-MATCHDAY,0.98,4.2,BEER,ALCOHOL
b5f98b0e-ef47-4250-bf34-5690ed5eec12,Carling (pint),pint,WWSC-CARLING-PINT,1.19,5.2,BEER,ALCOHOL
8df307ab-9931-417e-8834-34a50b490ecf,Carling (x5),matchday x5,WWSC-CARLING-MATCHDAY-X5,0.98,20,BEER,ALCOHOL
62361591-8565-4c6a-9595-a0f5ce8a7587,Carling Dark Fruit Cider,Carling Dark Fruit Cider,WWSC-CARLING-DARK-FRUIT-CIDER,1.14,5.175,BEER,ALCOHOL
e25ce1a5-7521-475b-9d95-93e365c5426d,Carling Dark Fruit Cider (half),half,WWSC-CARLING-DARK-FRUIT-HALF,0.6,2.813,BEER,ALCOHOL
16ee9300-ce4f-4467-b962-01d4ea04a6d5,Carling Dark Fruit Cider (pint),pint,WWSC-CARLING-DARK-FRUIT-PINT,1.19,5.175,BEER,ALCOHOL
03e1dd2a-9969-4260-bcb4-2dd4f080d30d,Cobra,Cobra,WWSC-COBRA,1.68,6.25,BEER,ALCOHOL
dece588b-2171-4d30-9763-95a6db779de6,Cobra (half),half,WWSC-COBRA-HALF,0.84,3.2,BEER,ALCOHOL
0f887591-c7ed-46ad-b353-4e4b59612cfd,Cobra (jug),jug,WWSC-COBRA-JUG,6.73,23.1,BEER,ALCOHOL
33afa326-5963-4383-afed-9be07ee046ae,Cobra (pint),pint,WWSC-COBRA-PINT,1.68,6.25,BEER,ALCOHOL
c6cdd2cd-d1e5-475a-8668-681c52a5a200,Cold River Cider,Cold River Cider,WWSC-COLD-RIVER-CIDER,0.94,5.44,BEER,ALCOHOL
51928ff5-7814-482d-a74b-99be87dda1b5,Cold River Cider (half),half,WWSC-COLD-RIVER-CIDER-HALF,0.47,2.95,BEER,ALCOHOL
203cacc6-bfbd-40ff-944d-cb251b62f6bf,Cold River Cider (pint),pint,WWSC-COLD-RIVER-CIDER-PINT,0.94,5.44,BEER,ALCOHOL
7a29e6b6-07b0-4557-9d68-98da26394d68,Coors Light,Coors Light,WWSC-COORS-LIGHT,0.77,4.32,BEER,ALCOHOL
29b1e3d1-a6a7-47fc-95e1-efa12e129fc5,Corona,Corona,WWSC-CORONA,0.87,4.32,BEER,ALCOHOL
ba4a9693-39bb-498c-9080-6f04f48c0194,Corona Cero,Corona Cero,WWSC-CORONA-CERO,0.95,4.43,BEER,ALCOHOL
d86b29cd-0d99-4b51-9875-d71034b2402d,Daura,Daura GF,WWSC-DAURA,0.81,4.73,BEER,ALCOHOL
4f846298-5f73-4d49-85ca-edca85de9761,Dingbat,Dingbat,WWSC-DINGBAT,1.95,5.063,BEER,ALCOHOL
f04f4730-9ce0-476a-ac7b-cf15a1295c3d,Doombar,Doombar,WWSC-DOOMBAR,1.28,5.55,BEER,ALCOHOL
95f5bdcb-969c-468b-8f51-932415e4406a,Doombar (draught),Doombar (draught),WWSC-DOOMBAR-DRAUGHT,1.41,5.95,BEER,ALCOHOL
a6bb28ab-3823-4d1c-a1ee-56182f62bd46,Doombar (half),half,WWSC-DOOMBAR-HALF,0.64,2.84,BEER,ALCOHOL
b795533d-b17f-4581-939c-e16789ec4856,Doombar (pint),pint,WWSC-DOOMBAR-PINT,1.28,5.55,BEER,ALCOHOL
2d048fe9-cfa4-4d30-b1eb-1daec2920ae1,Doombar draught (half),half,WWSC-DOOMBAR DRAUGHT-HALF,0.705,3.27,BEER,ALCOHOL
45a40bb8-3fea-406a-b36b-ad37e37d80c1,Doombar draught (pint),pint,WWSC-DOOMBAR DRAUGHT-PINT,1.41,5.95,BEER,ALCOHOL
ad441519-1e00-4b3c-bac3-60ce4fc1673d,Golden Hen,Golden Hen,WWSC-GOLDEN-HEN,2,5.35,BEER,ALCOHOL
bd9ca49b-31cd-45dd-987d-9b186bf7e5b5,Golden Hen (half),half,WWSC-GOLDEN-HEN-HALF,0.72,2.68,BEER,ALCOHOL
fb7fcab4-6615-4475-9906-5de15815086e,Golden Hen (pint),pint,WWSC-GOLDEN-HEN-PINT,1.39,5.35,BEER,ALCOHOL
5838bcb9-9f53-43c8-b87b-eb24cfdae1ff,Guinness,Guinness,WWSC-GUINNESS,1.45,5.44,BEER,ALCOHOL
76026304-f21e-41d2-b8b6-29275bfcbe73,Guinness (half),half,WWSC-GUINNESS-HALF,0.78,2.95,BEER,ALCOHOL
953e2c55-1627-4f2e-9222-ab9a82a70e01,Guinness (matchday),matchday,WWSC-GUINNESS-MATCHDAY,1.45,4.44,BEER,ALCOHOL
4c9f9793-b099-4635-866d-f27c66b0bd74,Guinness (pint),pint,WWSC-GUINNESS-PINT,1.56,5.44,BEER,ALCOHOL
4062a406-5e6f-43b9-86d1-8c1ab65c3cb3,Guinness (x2),x2,WWSC-GUINNESS-X2-OFFER,3.12,8.86,BEER,ALCOHOL
8ccf2beb-1700-42d1-b446-a039032f08e8,Guinness (x5),x5,WWSC-GUINNESS-MATCHDAY-X5,1.45,20,BEER,ALCOHOL
fa91b66d-04f3-475d-9f2a-40e8f55655b3,Guinness 0.0%,Guinness 0.0%,WWSC-GUINNESS-0.0%,1.56,4.67,BEER,ALCOHOL
f21ea060-b3a1-4694-97ee-23aac968bc1f,Madri,Madri,WWSC-MADRI,1.31,5.94,BEER,ALCOHOL
a3ee0ccf-d51a-43a8-8a34-84bbe86f671b,Madri (half),half,WWSC-MADRI-HALF,0.66,3.09,BEER,ALCOHOL
e41160a0-b4bc-4fcf-9f36-86ee0734d358,Madri (jug),jug,WWSC-MADRI-JUG,5.24,22.9,BEER,ALCOHOL
6989fafb-3d36-4ebe-9eb0-8f34078f5479,Madri (pint),pint,WWSC-MADRI-PINT,1.31,5.94,BEER,ALCOHOL
5f74f372-83e2-44e3-9842-6105908368d2,Moretti 0.0,Moretti 0.0,WWSC-MORETTI-00,0.95,4.43,BEER,ALCOHOL
165e3797-e7da-452f-b525-4d1bf2ae3c96,Peacocks Apple Cider,Peacocks Apple Cider,WWSC-PEACOCKS-APPLE-CIDER,1.03,5.31,BEER,ALCOHOL
392e396b-ea05-414f-9224-9a3d94ff8174,Pedigree,Pedigree,WWSC-PEDIGREE,1,4,BEER,ALCOHOL
70142ea6-74db-4f55-b3f9-eaaf13a31400,Peroni,Peroni,WWSC-PERONI,1.3,6.62,BEER,ALCOHOL
694f24d1-61b2-45c0-99fa-551d2d27a4f2,Peroni (large),large,WWSC-PERONI-LARGE,2.49,6.62,BEER,ALCOHOL
e98a42d2-3aca-474f-90c1-2df123a38263,Peroni (small),small,WWSC-PERONI-SMALL,1.02,4.59,BEER,ALCOHOL
dcb05f29-297a-4d8f-b629-1dee43fc25ee,Pravha,Pravha,WWSC-PRAVHA,1.1,5.44,BEER,ALCOHOL
bad0eced-3913-432e-8014-cd8760cb9d72,Pravha (half),half,WWSC-PRAVHA-HALF,0.68,2.95,BEER,ALCOHOL
281d650f-fed5-4a64-aab0-263c0f0fa422,Pravha (jug),jug,WWSC-PRAVHA-JUG,5.44,20.67,BEER,ALCOHOL
5bad56e9-40a2-46f2-9c3c-c483e0c99ff3,Pravha (pint),pint,WWSC-PRAVHA-PINT,1.36,5.44,BEER,ALCOHOL
243fa38a-a3a8-4565-b716-c937ffa999e6,Rekorderlig,Rekorderlig,WWSC-REKORDERLIG,1.03,5.32,BEER,ALCOHOL
81810d1c-5098-4f5a-a830-f97f178aebb7,Scrum Down,Scrum Down,WWSC-SCRUM-DOWN,2,5.36,BEER,ALCOHOL
9bcc6616-c44c-4f91-a0ff-4e438db35f18,Scrum Down (half),half,WWSC-SCRUM-DOWN-HALF,0.72,2.68,BEER,ALCOHOL
f0012bb7-6e5b-4083-ab4f-3a4ed2b5b4fe,Scrum Down (pint),pint,WWSC-SCRUM-DOWN-PINT,1.39,5.36,BEER,ALCOHOL
10685f32-a517-4cb5-a115-aae237c90065,Sharps Solar Wave,Sharps Solar Wave,Sharps_Solar_Wave_ALE,1.61,5.569,BEER,ALCOHOL
92b5d1d7-34a5-434e-9227-782eb6b0b6a8,Sharps Solar Wave (half),half,ATLANTIC_PALE_ALE_HALF,0.805,3.094,BEER,ALCOHOL
ded98a30-337c-4146-bcfb-73ae2cb220b8,Sharps Solar Wave (pint),pint,ATLANTIC_PALE_ALE_PINT,1.61,5.569,BEER,ALCOHOL
1cec93f4-da29-49c3-aa93-15b70bd785eb,Shipyard American IPA,Shipyard American IPA,WWSC-SHIPYARD-AMERICAN-IPA,1.75,5.25,BEER,ALCOHOL
813888ce-6ee2-4fa5-9d26-5103da683b24,Stella 0.0,Stella 0.0,WWSC-STELLA-00,0.83,4.14,BEER,ALCOHOL
d20ca73b-c500-48ac-bcc3-253635d6dbed,Thatchers Zero,Thatchers Zero,WWSC-THATCHERS-ZERO,3.21,4.5,BEER,ALCOHOL
78f84d6b-6fec-4a18-85e9-4d58eca7c51f,Timothy Taylor,Timothy Taylor,WWSC-TIMOTHY-TAYLOR,1.28,5.55,BEER,ALCOHOL
d04760d9-df12-4c52-962b-67124143e05d,Timothy Taylor (bottle),bottle,WWSC-TIMOTHY-TAYLOR-BOTTLE,1.28,4,BEER,ALCOHOL
71ba26ea-01f7-422b-ad54-5dd56a8cbca1,Timothy Taylor (half),half,WWSC-TIMOTHY-TAYLOR-HALF,0.64,2,BEER,ALCOHOL
95c0c153-9a52-46d5-9ce3-199b44fcfa21,Timothy Taylor (pint),pint,WWSC-TIMOTHY-TAYLOR-PINT,1.28,4.5,BEER,ALCOHOL
59f25a41-3e6c-4895-a0c3-a2ddbabe7eed,Worthington,Worthington,WWSC-WORTHINGTON,1.2,4.46,BEER,ALCOHOL
5e2b069a-a73e-4734-9e2c-19a0c06cde5a,Worthington (half),half,WWSC-WORTHINGTON-HALF,0.56,2.42,BEER,ALCOHOL
d83f17d5-3beb-4138-a652-641d4bae35b4,Worthington (pint),pint,WWSC-WORTHINGTON-PINT,1.2,4.46,BEER,ALCOHOL
925f8117-778a-4838-9347-776109e7a33b,All Day Breakfast,All Day Breakfast,WWSC-ALL-DAY-BREAKFAST,4.75,9.5,BREAKFAST,FOOD
75d89167-5b85-4266-8748-2d0b63878b20,Bacon & Egg Breakfast Wrap,Bacon & Egg Breakfast Wrap,BACON_EGG _BREAKFAST_WRAP,2.38,5.95,BREAKFAST,FOOD
5c2cee25-6008-4e6d-81da-0e70dbec9ba6,Bacon Sandwich,Bacon Sandwich,WWSC-BACON-SANDWICH,2.38,5.95,BREAKFAST,FOOD
c576238c-43b9-47ba-8aa5-a6e918d0942c,Beans On Toast,Beans On Toast,WWSC-BEANS-ON-TOAST,2.38,5.95,BREAKFAST,FOOD
a4c711ae-24a3-4d3a-b559-8c6c1a43fd38,Egg On Toast,Egg On Toast,WWSC-EGG-ON-TOAST,2.38,5.95,BREAKFAST,FOOD
99c42b9e-d81f-4bac-98d3-599c8c34c38a,Eggs On Toast,Eggs On Toast,WWSC-EGGS-ON-TOAST,2,4.95,BREAKFAST,FOOD
462a689e-3c40-474e-84a7-bfcdd071ffe0,Fresh Fruit,Fresh Fruit,FRESH_FRUIT,0,0.75,BREAKFAST,FOOD
b5c423de-6665-447c-81c7-6e7c30734cf1,Full English Breakfast,Full English Breakfast,FULL_ENGLISH_BREAKFAST,4.75,11.95,BREAKFAST,FOOD
bcf29cf5-b007-47bd-8749-d383582a1c16,Omelette,Omelette,WWSC-OMELETTE,3.18,7.95,BREAKFAST,FOOD
43d559a1-3fa6-4b38-935a-c5c44db1317d,Porridge,Porridge,WWSC-PORRIDGE,1.5,3.5,BREAKFAST,FOOD
0d7adb45-efdc-4915-a473-3dfd496968f5,Sausage & Egg Breakfast Wrap,Sausage & Egg Breakfast Wrap,SAUSAGE_EGG_BREAKFAST_WRAP,2.6,6.5,BREAKFAST,FOOD
04d7cc9b-3bfd-4249-947e-323ee8fe82c1,Sausage Sandwich,Sausage Sandwich,WWSC-SAUSAGE-SANDWICH,2.6,6.5,BREAKFAST,FOOD
9d8fc001-b26a-4d9f-88ea-4c12cc19755f,Toast,Toast,TOAST,0.5,1.95,BREAKFAST,FOOD
48b5fecf-d0e8-44fa-8422-54f26d855a43,2 Cocktails,2 Cocktails,WWSC-2-COCKTAILS,4,11.25,COCKTAILS,ALCOHOL
b8d341cf-6cc1-4c9d-8dc8-76d9f0114ae5,Bellini,Bellini,WWSC-BELLINI,2,6.75,COCKTAILS,ALCOHOL
bfefc718-72ed-41bb-83e6-e7ed86248134,Bramble,Bramble,WWSC-BRAMBLE,2,6.75,COCKTAILS,ALCOHOL
a0e39e0c-afc7-456a-9e84-addc845f5aca,Cherry Cola,Cherry Cola,WWSC-CHERRY-COLA,2,6.75,COCKTAILS,ALCOHOL
2ed45bfc-fa6b-41ff-9c90-d8d6c51e9230,Espresso Martini,Espresso Martini,WWSC-ESPRESSO-MARTINI,2,6.75,COCKTAILS,ALCOHOL
82442edf-337a-4684-ba99-461532f36278,Mojito,Mojito,WWSC-MOJITO,2,6.75,COCKTAILS,ALCOHOL
a83352d5-3935-4037-98fa-cba18d40058b,Passionfruit Martini,Passionfruit Martini,WWSC-PASSIONFRUIT-MARTINI,2,6.75,COCKTAILS,ALCOHOL
049bb85a-8bb3-4f4e-ab9b-eb5a5d354983,Chilli with Rice,Chilli with Rice,WWSC-EURO-CHILLI_WITH_RICE,2.975,10.95,Euro 2024,FOOD
e98b41e7-7cad-4697-828d-53f20f2c59cf,"Curry, Rice & Naan","Curry, Rice & Naan",WWSC-EURO-CURRY_RICE_NAAN,5,9.99,Euro 2024,FOOD
0c932984-e063-49fb-a737-50b147554041,Fish & Chips,Fish & Chips,WWSC-EURO-FISH&CHIPS_,3.75,12.95,Euro 2024,FOOD
e97dba12-fb30-4bfd-a813-089edb49c8e3,"Ham, egg & chips","Ham, egg & chips",WWSC-EURO-HAMEGG&CHIPS,4.75,9.5,Euro 2024,FOOD
ca1f13a3-dd38-4337-ba03-065967a0b4a6,Homemade Beef Burger,Beef Burger & Chips,WWSC-EURO-HOMEMADE_BEEF_BURGER,5,11.95,Euro 2024,FOOD
f7800b3d-9615-4162-a010-fdc403796083,Jacket Potato,Jacket Potato,WWSC-EURO-JACKET_POTATO,2.38,5.95,Euro 2024,FOOD
ede88b8c-7174-47d7-8db8-a7ac35faa0b1,Mac & Cheese,Mac & Cheese,WWSC-EURO-MAC_CHEESE,3.98,9.95,Euro 2024,FOOD
4e6c63bb-3fd0-4218-9979-bce9ded58f9e,Margherita Pizza,Margherita Pizza,WWSC-EURO-MARGHERITA_PIZZA,4.78,10.95,Euro 2024,FOOD
36f8f478-a9d8-48ab-ad2a-aec5051d015d,Milkshake,Milkshake,WWSC-EURO-MILKSHAKE,1,3,Euro 2024,FOOD
83ea3597-e328-4567-aca2-2e33e1d19196,Sausage & Mash,Sausage & Mash,WWSC-EURO-SAUSAGE_MASH,5,10.95,Euro 2024,FOOD
c847f884-9793-4477-8c66-766f271168d8,Southern Fried Chicken Burger,Southern Fried Chicken Burger,WWSC-EURO-SOUTHERN_FRIED_CHICKEN_BURGER,5,10.95,Euro 2024,FOOD
363d6b61-5111-434b-b2a6-d5cceba05f4e,Southern Fried Chicken Strips,Southern Fried Chicken Strips,WWSC-EURO-SOUTHERN_FRIED_CHICKEN_STRIPS,4.78,11.95,Euro 2024,FOOD
d9bf14f7-d662-4c21-905c-dc2767c8f0fa,Il Caggio (Fizz Friday),Il Caggio,WWSC-IL-CAGGIO-FIZZ-FRIDAY,8.45,15,FIZZ FRIDAY,ALCOHOL
c9f3c94f-8f9a-41ef-80fe-a7754508bfe8,Il Caggio Mini (Fizz Friday),Il Caggio Mini,WWSC-IL-CAGGIO-MINI-FIZZ-FRIDAY,2.95,6.75,FIZZ FRIDAY,ALCOHOL
44e0e148-e32a-40e0-90c0-faa2b32e1bc4,DEPOSIT,DEPOSIT,DEPOSIT,0,0,FUNCTIONS,FOOD
b4771e1c-333c-49be-88b7-390640846f27,FOOD,FOOD,WWSC-FUNCTIONS-FOOD,0,0,FUNCTIONS,FOOD
ac024b8f-c434-4b68-a0e6-b1b9c7198e1a,Social Membership,Social Member,WWSC-SOCIAL-MEMBER,0,100,FUNCTIONS,FOOD
1642bf99-ab76-4180-9d7d-0a97faf14cb5,Hot Dog & Chips - Adult,Hot Dog & Chips - Adult,HOT_DOG_&_CHIPS,2,6.95,HALLOWEEN,FOOD
3c788766-64b5-4142-bb43-b2d92ddf72bf,Hot Dog & Chips - Kids,Hot Dog & Chips - Kids,HOT_DOG_CHIPS_KIDS,1.73,4.95,HALLOWEEN,FOOD
88761e8e-1911-4bc5-b58f-b0c11feb89f2,Sausage & Mash - Adult,Sausage & Mash - Adult,SAUSAGE_ &_MASH_ADULT,2.75,8.5,HALLOWEEN,FOOD
300c9742-a9c7-4d0d-9de9-ef4c26f18b08,Sausage & Mash - Kids,Sausage & Mash - Kids,SAUSAGE_&_MASH_KIDS,2.25,5.95,HALLOWEEN,FOOD
1b7870d0-e86c-4243-8401-0466459cb82f,Southern Fried Chicken & Chips - Adult,Southern Fried Chicken & Chips - Adult,SOUTHERN_FRIED_CHICKEN_CHIPS_ADULT,2.75,8.5,HALLOWEEN,FOOD
9c704de2-18e0-4adb-a6fc-54aedc16b72f,Southern Fried Chicken & Chips - Kids,Southern Fried Chicken & Chips - Kids,SOUTHERN_FRIED_CHICKEN_CHIPS_KIDS,2.25,5.95,HALLOWEEN,FOOD
4a8a2ccb-7bac-4944-a6de-579676b8069c,Tomato & Basil Pasta - Adult,Tomato & Basil Pasta - Adult,TOMATO_&_BASIL_PASTA_ADULT,2.75,8.5,HALLOWEEN,FOOD
0d04254e-d987-4c0d-aa43-8a592178a8bd,Tomato & Basil Pasta - Kids,Tomato & Basil Pasta - Kids,TOMATO_&_BASIL_PASTA_KIDS,2.25,5.95,HALLOWEEN,FOOD
366d7d13-defa-434f-b708-25763ebc93e2,"Chicken Nuggets, Chips & Beans (kids)","Chicken Nuggets, Chips & Beans (kids)",WWSC-CHICKEN-NUGGETS-CHIPS-BEANS,3,7.5,KIDS MENU,FOOD
51c044b4-ab3c-428b-8cc8-37ac365f5b5a,Fish Fingers & Chips (kids),Fish Fingers & Chips,WWSC-FISH-FINGERS-AND-CHIPS-KIDS,3,7.5,KIDS MENU,FOOD
b767f3cc-7669-4951-b8fd-4f072b496ee7,Ice Cream (kids),Ice Cream (kids),WWSC-ICE-CREAM-KIDS,1.4,3.5,KIDS MENU,FOOD
8de11658-946f-4b8a-8c29-2f426d668d2a,Mac & Cheese (kids),Mac & Cheese,WWSC-MAC-AND-CHEESE-KIDS,3,7.5,KIDS MENU,FOOD
c32e292d-a803-47b9-aa46-74da1ae857c5,Meatball Pasta,Meatball Pasta,MEATBALL_PASTA_KIDS,2.975,5.95,KIDS MENU,FOOD
76e7b46e-62cb-4e50-8b0b-193ff88af702,Sausage & Mash (kids),Sausage & Mash (kids),WWSC-SAUSAGE-AND-MASH-KIDS,3,7.5,KIDS MENU,FOOD
5942c2f4-d405-41e8-a890-12e93f83f890,Tomato & Basil Pasta,Tomato & Basil Pasta,TOMATO_BASIL_PASTA,2.975,6.5,KIDS MENU,FOOD
5a839c4d-ebe0-4b84-9f7a-b57950d960dc,Coffee Amaretto,Coffee Amaretto,WWSC-COFFEE-AMARETTO,1.99,6.413,LIQUER COFFEE,ALCOHOL
b29b38ca-d775-400c-b6b8-77c38c472252,Coffee Baileys,Coffee Baileys,WWSC-COFFEE-BAILEYS,1.99,6.413,LIQUER COFFEE,ALCOHOL
881d57fb-009c-417d-bd36-71f00614b0d4,Coffee Bells,Coffee Bells,WWSC-COFFEE-BELLS,1.99,6.413,LIQUER COFFEE,ALCOHOL
aaf5c13d-3d31-4db9-8eb9-31e4dc841de4,Coffee Brandy,Coffee Brandy,WWSC-COFFEE-BRANDY,1.99,6.413,LIQUER COFFEE,ALCOHOL
2c553799-7947-4f81-856e-983dae2c5e07,Coffee Cointreau,Coffee Cointreau,WWSC-COFFEE-COINTREAU,1.99,6.413,LIQUER COFFEE,ALCOHOL
93c7efc2-d0eb-422e-bba6-fba8ae1e4e72,Coffee Irish,Coffee Irish,WWSC-COFFEE-IRISH,1.99,6.413,LIQUER COFFEE,ALCOHOL
a0c31677-1eeb-4da4-a1f0-1c02ff4581aa,Coffee Tia Maria,Coffee Tia Maria,WWSC-COFFEE-TIA-MARIA,1.99,6.413,LIQUER COFFEE,ALCOHOL
8bc3a65d-3ff0-442f-aabe-5902af7f60c1,Mothers Day (Adult),adult,WWSC-MOTHERS-DAY-ADULT,9.1,25.95,MOTHERS-DAY,FOOD
b32500b6-7a18-4738-a9ec-0eb07f6e0e10,Mothers Day (Deposit),deposit,WWSC-MOTHERS-DAY-DEPOSIT,0,-10,MOTHERS-DAY,FOOD
1965a304-c79d-423b-afab-40c84c44466e,Mothers Day (Kids),kids,WWSC-MOTHERS-DAY-KIDS,5.95,16.95,MOTHERS-DAY,FOOD
55e0356a-e078-49b4-8598-9be4259672ae,Reception Cans,Cans,WWSC-RECEPTION-CANS,0.5,1,RECEPTION DRINKS,DRINK
afcb4d55-001e-49ea-a442-2201a5172f80,Reception Lucozade,Lucozade,WWSC-RECEPTION-LUCOZADE,0.5,1.5,RECEPTION DRINKS,DRINK
94a68b26-27fc-48a6-a979-ee0dc9b64ea9,Reception Pepsi MAX,Pepsi Max,WWSC-RECEPTION-PEPSI-MAX,0.5,1.5,RECEPTION DRINKS,DRINK
ed8bd7cd-389e-4699-8f1d-ef934e4d59e1,Reception Ribena,Ribena,WWSC-RECEPTION-RIBENA,0.5,1.5,RECEPTION DRINKS,DRINK
04e8e6c0-0582-4ad0-8b12-5473941dca42,Reception Water,Water,WWSC-RECEPTION-WATER,0.5,1,RECEPTION DRINKS,DRINK
bee10467-16fe-47c0-90ff-95c843829739,Crisps,Crisps,WWSC-CRISPS,0.445,1.05,SNACKS,FOOD
31b1da36-a1af-45f8-9173-468601ddfa99,Crisps,crisps,WWSC-BAR-CRISPS,0.445,1.05,SNACKS,FOOD
4685c175-ddb1-4958-90e4-7a1196620a3c,Crisps (discounted),discounted,WWSC-DISCOUNTED-CRISPS,0.445,0.6,SNACKS,FOOD
5c8e93bc-734a-46a9-ad62-ce6a052da86b,Jalapeno Pretzels,Jalapeno Pretzels,WWSC-JALAPENO-PRETZELS,0.5,1.95,SNACKS,FOOD
eab86317-3cd1-42b1-af1f-bd499cad884f,Kettle Crisps,Kettle Crisps,WWSC-KETTLE-CRISPS,0.52,1.5,SNACKS,FOOD
35d04746-2fbf-410e-aa4b-7737c3d0b448,Mars,Mars,WWSC-MARS,0.35,1,SNACKS,FOOD
b9107917-b901-492a-ba66-2bd9d7c47076,Mini Cheddars,Mini Cheddars,MINI_CHEDDARS,0.557,1.15,SNACKS,FOOD
2c2d72d4-e9c9-4c5d-af93-4324efb586c8,Onion Rings,Onion Rings,Onion_Rings,0.69,1.6,SNACKS,FOOD
02d0d688-4701-4318-9f5e-8a702dd62f0b,Peanuts (Chilli),Peanuts (Chilli),WWSC-PEANUTS-CHILLI,0.42,1.2,SNACKS,FOOD
2ea64eb6-88e6-4fa3-b942-1f869f18bc77,Peanuts (Roasted),Peanuts (Roasted),PEANUTS_ROASTED,0.42,1.2,SNACKS,FOOD
f8642f6a-f291-499b-b9f1-8ba3222834a8,Peanuts (Salted),Peanuts (Salted),WWSC-PEANUTS-SALTED,0.42,1.2,SNACKS,FOOD
28b148ed-ea99-499b-93f3-5b279c9fa710,Poppadom,Poppadom,WWSC-POPPADOM,0.5,1.95,SNACKS,FOOD
6379d624-bcf0-4d02-8285-f75b04dedcdd,Pork Crunch,Pork Crunch,PORK_CRUNCH,0.78,1.95,SNACKS,FOOD
c09ad019-91ca-48be-b444-0f9f3177859a,Pork Scratchings,Pork Scratchings,WWSC-PORK-SCRATCHINGS,1.099,1.95,SNACKS,FOOD
941a4dd5-c576-4174-9a68-ab0ee42d66db,Pretzels (Snyder),Pretzels (Snyder),WWSC-PRETZELS-SNYDER,0.42,1.2,SNACKS,FOOD
ad200115-4755-4995-ae58-f7be517f9831,Protein Cookie,Protein Cookie,WWSC-PROTEIN-COOKIE,0.7,2,SNACKS,FOOD
07fdf87a-4946-430d-a022-80672e1f15b2,Reception Chocolate,Chocolate,WWSC-RECEPTION-CHOCOLATE,0.4,1,SNACKS,FOOD
3181264d-94ae-4d77-9710-d51fd2b9fa6a,Reception Crisps,Crisps,WWSC-RECEPTION-CRISPS,0.445,1,SNACKS,FOOD
a863261b-6ee8-4024-a5de-fee2be5f48a7,Reception Sweets,Sweets,WWSC-RECEPTION-SWEETS,0.445,1,SNACKS,FOOD
d95efe64-4295-4fd4-bcbb-1581a659b6a9,Scampi Fries,Scampi Fries,WWSC-SCAMPI-FRIES,0.35,1,SNACKS,FOOD
8836519d-1f50-41e4-80fd-b337fce5b83e,Snickers,Snickers,WWSC-SNICKERS,0.35,1,SNACKS,FOOD
2835ce8b-840b-44d6-b37b-4a85c1bfb534,Spicy Rings,SPICY RINGS,Spicy_Rings,0.64,1.6,SNACKS,FOOD
8274bf99-e624-48e0-b283-f19bb4e75ac1,Starburst,Starburst,WWSC-STARBURST,0.35,1,SNACKS,FOOD
a8baa4e2-903d-48e4-9e1b-20997b1a560c,Twirl,Twirl,WWSC-TWIRL,0.35,1,SNACKS,FOOD
ac8fee5f-4ebf-421d-b284-59fa60ec7fad,Twix,Twix,WWSC-TWIX,0.35,1,SNACKS,FOOD
180bc359-40f3-47f8-ba4b-803d72c13624,Appletizer,Appletizer,WWSC-APPLETIZER,0.84,2.5,SOFT DRINKS,DRINK
4f524782-9a4a-4e7e-8376-96e42e2f6cd9,Bitter Lemon,Bitter Lemon,WWSC-BITTER-LEMON,0.52,2.081,SOFT DRINKS,DRINK
2611877d-08c1-473c-a690-ce911c6bbae5,Can of Pop,Can of Pop,WWSC-CAN-OF-POP,0.35,1,SOFT DRINKS,DRINK
0783a232-5e47-4703-898e-0106449fcc87,Canada Dry,Canada Dry,WWSC-CANADA-DRY,0.58,2.081,SOFT DRINKS,DRINK
4e65abe7-fcfe-4df2-86dd-3009f709689e,Coca Cola,Coca Cola,WWSC-COCA-COLA,0.5,1.75,SOFT DRINKS,DRINK
b4fa577c-e4db-47a7-be81-2bbc40409e57,Coca Cola (dash),dash,COCA_COLA_DASH,0.5,1,SOFT DRINKS,DRINK
3edda24b-e40c-405a-ac97-f07be9a62b60,Coca Cola (half),half,COCA_COLA_HALF,0.5,1.75,SOFT DRINKS,DRINK
dc032914-0778-4e3a-be06-371937930bfd,Coca Cola (pint),pint,COCA_COLA_PINT,0.5,3.5,SOFT DRINKS,DRINK
d9f3b95e-a6e6-4bf6-8db6-dd90f3716e5f,Coke,Coke,WWSC-COKE,0.82,1.75,SOFT DRINKS,DRINK
c7eafe59-5228-4c07-9897-84b5c1a60317,Coke (bottle),bottle,WWSC-COKE-BOTTLE,0.5,2,SOFT DRINKS,DRINK
409ab418-8150-4d9f-b8e6-a5e409cfc25a,Coke (dash),dash,WWSC-COKE-DASH,0.82,1,SOFT DRINKS,DRINK
5c632ef8-8b4f-4fb1-8781-c9ccefbf2a8c,Coke (half),half,WWSC-COKE-HALF,0.42,1.75,SOFT DRINKS,DRINK
fba118a8-9935-451e-bfd9-4f9d7fc4d1a2,Coke (pint),pint,WWSC-COKE-PINT,0.82,3.5,SOFT DRINKS,DRINK
4ab13372-1161-459d-a907-0b8b8f9dab26,Diet Coke,Diet Coke,WWSC-DIET-COKE,0.66,1.75,SOFT DRINKS,DRINK
e6479d84-5a00-49c1-9c10-96de1fdd9725,Diet Coke (bottle),bottle,WWSC-DIET-COKE-BOTTLE,0.5,2,SOFT DRINKS,DRINK
fa44a35d-1fc2-40fd-bcfd-ea01326c40ef,Diet Coke (dash),dash,WWSC-DIET-COKE-DASH,0.66,1,SOFT DRINKS,DRINK
13eafa33-59f4-4402-b73b-dcbf3f50a078,Diet Coke (half),half,WWSC-DIET-COKE-HALF,0.33,1.75,SOFT DRINKS,DRINK
9cf19a97-8664-47f1-a88a-87773d2fb022,Diet Coke (pint),pint,WWSC-DIET-COKE-PINT,0.66,3.5,SOFT DRINKS,DRINK
cda74ec3-2711-4c80-bbe8-95958826b0fd,Fever Tree Tonic,Fever Tree Tonic,WWSC-FEVER-TREE-TONIC,0.69,2.081,SOFT DRINKS,DRINK
93d2b346-882c-458e-bf68-0ae1242262f6,Fruit Shoot,Fruit Shoot,WWSC-FRUIT-SHOOT,0.67,2,SOFT DRINKS,DRINK
7b02b2a5-f607-47ee-8828-d24ea385322a,Ginger Ale,Ginger Ale,WWSC-GINGER-ALE,0.93,2.081,SOFT DRINKS,DRINK
f527d19a-c88c-4555-8260-a8386c4731d6,J20,J20,WWSC-J20,0.9,2.85,SOFT DRINKS,DRINK
83b34594-e81b-4902-9d95-24e0a7fe94bf,Lemonade,Lemonade,WWSC-LEMONADE,0.47,1.75,SOFT DRINKS,DRINK
7c9db6c5-5c81-43ef-9c10-0503b4558b64,Lemonade (dash),dash,WWSC-LEMONADE-DASH,0.47,1,SOFT DRINKS,DRINK
aa5285cc-c7f7-4ffe-8b32-448f739be106,Lemonade (half),half,WWSC-LEMONADE-HALF,0.24,1.75,SOFT DRINKS,DRINK
83023d82-859e-498c-82dd-4a4cb062efd5,Lemonade (pint),pint,WWSC-LEMONADE-PINT,0.47,3.5,SOFT DRINKS,DRINK
5af292c3-93c9-45b1-98af-b20de6a67dc7,Lucozade,Lucozade,WWSC-LUCOZADE,0.61,1.5,SOFT DRINKS,DRINK
56132229-a643-4d60-b517-c68d854ea3f4,Milkshake,Milkshake,WWSC-MILKSHAKE,1.475,3.319,SOFT DRINKS,DRINK
3de7dc6b-16fd-49c4-8130-8df99fbaeb7f,Orange 250ml,Orange 250ml,WWSC-ORANGE-250ML,0.62,2.306,SOFT DRINKS,DRINK
98049ff3-d81c-4b85-b488-2ff9cea65a6c,Ribena 250ml,Ribena 250ml,WWSC-RIBENA-250ML,0.61,1.5,SOFT DRINKS,DRINK
6117b330-d527-412a-ae62-b9e7ae16772b,Rush,Rush,WWSC-RUSH,0.42,2.194,SOFT DRINKS,DRINK
bd0a6aa3-c0da-4d83-9894-128cdf93b91a,Squash,Squash,WWSC-SQUASH,0.35,1,SOFT DRINKS,DRINK
f60c0fda-9fd4-4e16-a29d-f4cd98e0131a,Squash (half),half,SQUASH_HALF,0.35,0.5,SOFT DRINKS,DRINK
19817b3d-c87d-4ae1-97af-ad55f3ebd26a,Squash (pint),pint,SQUASH_PINT,0.35,1,SOFT DRINKS,DRINK
db3863af-4bcf-4ec0-af0f-8d57fe19123c,Water,Water,WWSC-WATER,0.35,1,SOFT DRINKS,DRINK
e626375b-914d-4ebe-93e0-74dedcab8dfc,Wenlock Spring Water,Wenlock Spring Water,WWSC-WENLOCK-SPRING-WATER,0.65,2.531,SOFT DRINKS,DRINK
2b5fb54c-183d-4428-9fdb-13f86f47b6a4,Aperol Spritz,Aperol Spritz,APEROL_SPRITZ,2,5.9,SPIRITS,ALCOHOL
38cf289f-9951-49fc-b8a7-147d655b906d,Archers,Archers,WWSC-ARCHERS,0.52,3.836,SPIRITS,ALCOHOL
c83f1222-b471-4989-b0e6-4dbe47d5da0b,Archers (double),double,WWSC-ARCHERS-DOUBLE,1.03,6.43,SPIRITS,ALCOHOL
05967c11-e59d-49d7-8f0c-d11d33b012ff,Archers (single),single,WWSC-ARCHERS-SINGLE,0.52,3.836,SPIRITS,ALCOHOL
b1bb49c9-45ef-4192-86b1-767871795bfa,Baby Guinness,single,WWSC-BABY-GUINESS-SINGLE,1.36,4.39,SPIRITS,ALCOHOL
baf1f703-024b-4539-b3bf-9ddd5988cc45,Baby Guinness,Baby Guinness,WWSC-BABY-GUINNESS,1.36,4.388,SPIRITS,ALCOHOL
bb854745-c0cc-4a58-bbd7-0aed81e47f02,Baby Guinness (x10),10 for £38,WWSC-BABY-GUINESS-10-FOR-38,1.36,38,SPIRITS,ALCOHOL
58fe807e-2489-4744-9a84-2a885cff76f7,Baby Guinness (x3),3 for £12,WWSC-BABY-GUINESS-3-FOR-12,1.36,12,SPIRITS,ALCOHOL
7a98e0fa-ebfa-49e7-8248-fcc5aea58f39,Baby Guinness FUNERAL ONLY,Baby Guinness,BABY_GUINNESS,1.36,4,SPIRITS,ALCOHOL
498cfe4c-b953-405c-bfe0-b10c4332bdd3,Bacardi,Bacardi,WWSC-BACARDI,1,3.836,SPIRITS,ALCOHOL
6051896d-4ba4-4b83-b75d-4051b935de1e,Bacardi (double),double,WWSC-BACARDI-DOUBLE,2,6.43,SPIRITS,ALCOHOL
e06457b9-690b-4059-8f7e-17006503c236,Bacardi (single),single,WWSC-BACARDI-SINGLE,1,3.836,SPIRITS,ALCOHOL
ac391c13-edb5-44cc-8fd3-e732aed336db,Baileys,Baileys,WWSC-BAILEYS,0.55,4.5,SPIRITS,ALCOHOL
07f1f16c-d7ff-4a97-a86f-389bbf604e78,Bells,Bells,WWSC-BELLS,0.7,3.836,SPIRITS,ALCOHOL
62e43d22-b03e-4c81-883c-b68b4f9707d3,Bells (double),double,BELLS_DOUBLE,1.4,6.43,SPIRITS,ALCOHOL
a72462c4-8b73-4625-9cc1-50b3264acef1,Bells (single),single,BELLS_SINGLE,0.7,3.836,SPIRITS,ALCOHOL
0f9baea4-71db-4d30-a182-1e3d15b4065c,Campari,Campari,WWSC-CAMPARI,1,3.836,SPIRITS,ALCOHOL
44a7cb6d-d61b-46ec-ab86-f547522de0b0,Campari (double),double,,2,6.43,SPIRITS,ALCOHOL
b5d6e5aa-d6be-4c8a-a504-13ec11ccf815,Campari (single),single,,1,3.836,SPIRITS,ALCOHOL
13783c15-0055-4336-a04c-5b25ecd697fb,Captain Morgan,Captain Morgan,WWSC-CAPTAIN-MORGAN,0.6,3.836,SPIRITS,ALCOHOL
3ee4191e-638d-4d5c-85fe-6d12e856f109,Captain Morgan (double),double,WWSC-CAPTAIN-MORGAN-DOUBLE,1.21,6.43,SPIRITS,ALCOHOL
aed312dd-4b8e-4b43-84b5-723f633619bd,Captain Morgan (single),single,WWSC-CAPTAIN-MORGAN-SINGLE,0.6,3.836,SPIRITS,ALCOHOL
184977f9-eb60-48cb-b07a-648ac6601918,Captain Morgan Spiced,Captain Morgan Spiced,WWSC-CAPTAIN-MORGAN-SPICED,0.6,3.836,SPIRITS,ALCOHOL
8f5ed186-cd4f-4d92-95ca-6d706c4b23dc,Captain Morgan Spiced (double),double,WWSC-CAPTAIN-MORGAN-SPICED-DOUBLE,1.21,6.43,SPIRITS,ALCOHOL
e376b353-6427-4b5e-938f-b92ec555ae8c,Captain Morgan Spiced (single),single,WWSC-CAPTAIN-MORGAN-SPICED-SINGLE,0.6,3.836,SPIRITS,ALCOHOL
78c6c5cf-7fba-4661-9c71-4ed1072e006d,Chambord,Chambord,WWSC-CHAMBORD,1,3.836,SPIRITS,ALCOHOL
e5de3fb5-8ad9-456d-8b50-3e1793e423e1,Chambord (double),double,,2,6.43,SPIRITS,ALCOHOL
bde2ce28-1e89-4b12-a477-2d6f703a69af,Chambord (single),single,,1,3.836,SPIRITS,ALCOHOL
720995a2-7e05-4ef8-a870-82e5dfc07a57,Cinzano,Cinzano,WWSC-CINZANO,1,3.836,SPIRITS,ALCOHOL
63e21c59-66d0-45c0-a388-d6371cb35367,Cinzano (double),double,,2,6.43,SPIRITS,ALCOHOL
318bc109-d57c-4a0d-a0ba-1ad622b9b093,Cinzano (single),single,,1,3.836,SPIRITS,ALCOHOL
f95e29a5-2cfc-4ac8-8e47-7607bd087a6f,Ciroc,Ciroc,WWSC-CIROC,1,3.836,SPIRITS,ALCOHOL
431e0133-491e-4fca-90b2-0381739a01e6,Ciroc (double),double,,1,6.43,SPIRITS,ALCOHOL
66e46036-d495-4ccd-a45b-e8e3997b3ae2,Ciroc (single),single,,1,3.836,SPIRITS,ALCOHOL
0d9f43bb-3044-4d09-89d7-9615f5aad6fb,Cockburns Port,Cockburns Port,WWSC-COCKBURNS-PORT,0.44,3.836,SPIRITS,ALCOHOL
fb9e5ced-3b88-4a30-862b-c5af22cb66ed,Cockburns Port (double),double,,0.88,6.43,SPIRITS,ALCOHOL
24441072-8494-45a8-be3e-b04288b636d2,Cockburns Port (single),single,,0.44,3.836,SPIRITS,ALCOHOL
6429b403-a398-4e47-a032-db092245367d,Cointreau,Cointreau,WWSC-COINTREAU,1,3.836,SPIRITS,ALCOHOL
f7cc2249-29a4-4938-a1cf-60e47dad3a04,Cointreau (double),double,,2,6.43,SPIRITS,ALCOHOL
50d18a84-ccdc-46e8-82de-aff4f7ef3a90,Cointreau (single),single,,1,3.836,SPIRITS,ALCOHOL
aafaf111-b298-4e7e-8741-d5e63c09eddf,Courvoisier,Courvoisier,WWSC-COURVOISIER,1.06,4.365,SPIRITS,ALCOHOL
db0b75f8-f446-422b-abf9-c92de0447f5a,Courvoisier (double),double,WWSC-COURVOISIER-DOUBLE,2.12,7.49,SPIRITS,ALCOHOL
c234a129-f946-4f7b-96cd-a820e2610d81,Courvoisier (single),single,WWSC-COURVOISIER-SINGLE,1.06,4.365,SPIRITS,ALCOHOL
eec4e44c-f17f-4f54-ac72-f3a26a986ca2,Dissaronno,Dissaronno,WWSC-DISSARONNO,0.67,3.836,SPIRITS,ALCOHOL
f6ea8e94-d58d-41a2-aad4-4aaf1d187a7e,Dissaronno (double),double,WWSC-DISSARONNO-DOUBLE,1.34,6.43,SPIRITS,ALCOHOL
be04d170-5eaa-47cc-9f3b-ce1559a085a0,Dissaronno (single),single,WWSC-DISSARONNO-SINGLE,0.67,3.836,SPIRITS,ALCOHOL
f3a3e296-428d-4ea1-af44-e478b6ca4cc4,El Torito Silver,El Torito Silver,WWSC-EL-TORITO-SILVER,0.67,3.836,SPIRITS,ALCOHOL
8d64fe05-14c6-42a4-be5c-93fe3b573462,El Torito Silver (double),double,WWSC-EL-TORITO-SILVER-DOUBLE,1.34,6.43,SPIRITS,ALCOHOL
6c70b549-f0c1-465e-9e47-4cd63a8555f7,El Torito Silver (single),single,WWSC-EL-TORITO-SILVER-SINGLE,0.67,3.836,SPIRITS,ALCOHOL
cb9e4bb4-c0ce-4f39-9ac0-e1ca9c85c8d9,Glenmorangie,Glenmorangie,WWSC-GLENMORANGIE,1.19,4.365,SPIRITS,ALCOHOL
854b5d2f-7e1f-446b-a209-39db3bfff539,Glenmorangie (double),double,WWSC-GLENMORANGIE-DOUBLE,2.38,7.49,SPIRITS,ALCOHOL
9f2af0a3-3a49-49f0-83d3-3c39cfb78b1f,Glenmorangie (single),single,WWSC-GLENMORANGIE-SINGLE,1.19,4.365,SPIRITS,ALCOHOL
5ed237f1-1844-4687-a55e-7d0d5bb0204e,Gordons Gin,Gordons Gin,WWSC-GORDONS-GIN,0.59,3.836,SPIRITS,ALCOHOL
1816a590-ce60-4e71-bc1e-8a8f40495f2e,Gordons Gin (Lemon),Gordons Gin (Lemon),WWSC-GORDONS-GIN-LEMON,0.59,3.836,SPIRITS,ALCOHOL
d8769c2b-2699-437c-887e-d0a83b1aba64,Gordons Gin (Orange),Gordons Gin (Orange),WWSC-GORDONS-GIN-ORANGE,0.59,3.836,SPIRITS,ALCOHOL
e49d738f-dd23-4863-bdd5-b5bd50cb5074,Gordons Gin (Pink),Gordons Gin (Pink),WWSC-GORDONS-GIN-PINK,0.59,3.836,SPIRITS,ALCOHOL
c7e8dcc0-c262-4d9c-8747-795d27898321,Gordons Gin (double),double,WWSC-GORDONS-GIN-DOUBLE,1.19,6.43,SPIRITS,ALCOHOL
56113a21-163f-4740-b9b5-acf9f88f66f9,Gordons Gin (double) (Lemon),double,WWSC-GORDONS-GIN-LEMON-DOUBLE,1.19,6.43,SPIRITS,ALCOHOL
68bd28a4-e458-4073-8da7-0626caf3cee4,Gordons Gin (double) (Orange),double,WWSC-GORDONS-GIN-ORANGE-DOUBLE,1.19,6.43,SPIRITS,ALCOHOL
f5541884-3e04-4275-8cd1-675abcb083a2,Gordons Gin (double) (Pink),double,WWSC-GORDONS-GIN-PINK-DOUBLE,1.19,6.43,SPIRITS,ALCOHOL
727baf23-2e74-4fea-a514-7489f91e69bb,Gordons Gin (single),single,WWSC-GORDONS-GIN-SINGLE,0.59,3.836,SPIRITS,ALCOHOL
70f47274-395b-4a83-8942-88a7c91a666e,Gordons Gin (single) (Lemon),single,WWSC-GORDONS-GIN-LEMON-SINGLE,0.59,3.836,SPIRITS,ALCOHOL
36f0dc03-6684-4b6a-bb3d-4e5e2aef01be,Gordons Gin (single) (Orange),single,WWSC-GORDONS-GIN-ORANGE-SINGLE,0.59,3.836,SPIRITS,ALCOHOL
1999cd92-79b8-4e09-b4b1-dcd13c038b73,Gordons Gin (single) (Pink),single,WWSC-GORDONS-GIN-PINK-SINGLE,0.59,3.836,SPIRITS,ALCOHOL
d5e25121-2ca8-403f-8d81-16f5cc32c1af,Gordons Gin 0.0,Gordons Gin 0.0,WWSC-GORDONS-GIN-0.0,0.58,3.6,SPIRITS,ALCOHOL
a393a4f3-d1fb-4246-bf42-549c9d6f4794,Gordons Gin 0.0 (double),double,WWSC-GORDONS-GIN-0.0-DOUBLE,1.15,5.95,SPIRITS,ALCOHOL
64ed2228-9063-4196-b242-5e359590813e,Gordons Gin 0.0 (single),single,WWSC-GORDONS-GIN-0.0-SINGLE,0.58,3.6,SPIRITS,ALCOHOL
1181f9b4-969b-4fa7-8de3-270bd1d21a3e,Harveys Bristol Cream,Harveys Bristol Cream,WWSC-HARVEYS-BRISTOL-CREAM,1,3.836,SPIRITS,ALCOHOL
55d9ccd7-e5c0-4092-be52-400392fbed6e,Harveys Bristol Cream (double),double,WWSC-HARVEYS-BRISTOL-CREAM-DOUBLE,2,6.43,SPIRITS,ALCOHOL
516d5355-2fd8-45bf-b527-0b18b6c36266,Harveys Bristol Cream (single),single,WWSC-HARVEYS-BRISTOL-CREAM-SINGLE,1,3.836,SPIRITS,ALCOHOL
dbc63778-52f8-4c32-a501-50474b4e446f,Hendricks Gin,Hendricks Gin,WWSC-HENDRICKS-GIN,1.08,4.725,SPIRITS,ALCOHOL
bba8081a-3573-4040-b712-3d9ea8e75817,Hendricks Gin (double),double,WWSC-HENDRICKS-GIN-DOUBLE,2.15,8.21,SPIRITS,ALCOHOL
7d0d95cd-5d8d-4d1a-9c26-127fa38aaa17,Hendricks Gin (single),single,WWSC-HENDRICKS-GIN-SINGLE,1.08,4.725,SPIRITS,ALCOHOL
7bb90b53-fba3-4269-84e9-5fe9d7b01aa9,Hennessy,Hennessy,WWSC-HENNESSY,1.28,4.725,SPIRITS,ALCOHOL
6c609c85-76d4-465f-8b57-59df9bfef92f,Hennessy (double),double,WWSC-HENNESSY-DOUBLE,2.57,8.21,SPIRITS,ALCOHOL
90813242-8972-4b22-aa57-e2e6e23f1271,Hennessy (single),single,WWSC-HENNESSY-SINGLE,1.28,4.725,SPIRITS,ALCOHOL
4928f998-201b-40e5-8fe4-e364b9daf517,Jack Daniels,Jack Daniels,WWSC-JACK-DANIELS,1.05,4.365,SPIRITS,ALCOHOL
db41ab2e-15f4-4213-a598-4ef1d0db893d,Jack Daniels (double),double,WWSC-JACK-DANIELS-DOUBLE,2.11,7.49,SPIRITS,ALCOHOL
72bd13c4-72fc-4813-bb60-28a811e1caa9,Jack Daniels (single),single,WWSC-JACK-DANIELS-SINGLE,1.05,4.365,SPIRITS,ALCOHOL
287e76c8-935e-4d1e-b35e-ffdfd6a42c6f,Jack Daniels Apple,Jack Daniels Apple,WWSC-JACK-DANIELS-APPLE,1.05,4.365,SPIRITS,ALCOHOL
53868f45-1759-4af0-9a1d-09278c4a4c4a,Jack Daniels Apple (double),double,WWSC-JACK-DANIELS-APPLE-DOUBLE,2.11,7.49,SPIRITS,ALCOHOL
f3f051f5-989b-44e3-bf84-0a4c8a51b02c,Jack Daniels Apple (single),single,WWSC-JACK-DANIELS-APPLE-SINGLE,1.05,4.365,SPIRITS,ALCOHOL
6f50825d-a0df-498a-aa17-18b0bebd6247,Jagerbomb,Jagerbomb,WWSC-JAGERBOMB,1.47,6,SPIRITS,ALCOHOL
487dc047-14c6-4c64-91cc-a94f7dd7b37a,Jagermeister,Jagermeister,WWSC-JAGERMEISTER,0.71,3.836,SPIRITS,ALCOHOL
62177582-626a-42c8-8170-b1daf173851f,Jagermeister (double),double,WWSC-JAGERMEISTER-DOUBLE,1.42,6.43,SPIRITS,ALCOHOL
c1ce3612-7e11-4f9e-88f6-f6aa715aeeaf,Jagermeister (single),single,WWSC-JAGERMEISTER-SINGLE,0.71,3.836,SPIRITS,ALCOHOL
ad2977a9-d663-4639-8446-3ab07234597d,Jamesons,Jamesons,WWSC-JAMESONS,0.79,3.836,SPIRITS,ALCOHOL
54a2b0de-14bd-48b2-b892-6ac202c6094a,Jamesons (double),double,WWSC-JAMESONS-DOUBLE,1.58,6.43,SPIRITS,ALCOHOL
f24891e7-6a95-4c06-96e6-7ac445905387,Jamesons (single),single,WWSC-JAMESONS-SINGLE,0.79,3.836,SPIRITS,ALCOHOL
35576218-e030-4d5b-8f12-64a69161c573,Malibu,Malibu,WWSC-MALIBU,0.53,3.836,SPIRITS,ALCOHOL
e912b012-a1c3-4276-a841-378c7d2d8785,Malibu (double),double,WWSC-MALIBU-DOUBLE,1.06,6.43,SPIRITS,ALCOHOL
60c9d005-5b85-40e6-b15e-e22638cdf4b6,Malibu (single),single,WWSC-MALIBU-SINGLE,0.53,3.836,SPIRITS,ALCOHOL
512b98ef-27c6-44f2-9fdb-c8806074e2a9,Martini,Martini,WWSC-MARTINI,1,3.836,SPIRITS,ALCOHOL
6be88023-3dab-416d-8e86-d4e59eaa15c4,Martini (double),double,WWSC-MARTINI-DOUBLE,2,6.43,SPIRITS,ALCOHOL
04b8064d-23ff-4b4f-a8a1-2475769c67e6,Martini (single),single,WWSC-MARTINI-SINGLE,1,3.836,SPIRITS,ALCOHOL
2a7d7106-47e9-49b0-9196-1c9fbb08b515,Pimms,Pimms,WWSC-PIMMS,0.52,4.725,SPIRITS,ALCOHOL
7c0fc458-3132-4f9e-b591-11ada3cc3108,Sambuca,Sambuca,WWSC-SAMBUCA,0.58,3.836,SPIRITS,ALCOHOL
2ef8b1e4-a7f0-4908-a87a-35fbf6707020,Sambuca (double),double,WWSC-SAMBUCA-DOUBLE,1.16,6.43,SPIRITS,ALCOHOL
7d62ed8c-0908-42df-8bff-b521e7e859e8,Sambuca (single),single,WWSC-SAMBUCA-SINGLE,0.58,3.836,SPIRITS,ALCOHOL
b0a819a7-bfce-40bd-befe-21058268d3b2,Smirnoff,Smirnoff,WWSC-SMIRNOFF,0.64,3.836,SPIRITS,ALCOHOL
1f2aa216-318d-4cdb-bf59-92c07cf3eb59,Smirnoff (double),double,WWSC-SMIRNOFF-DOUBLE,1.29,6.43,SPIRITS,ALCOHOL
835c86ce-4f3e-4466-b250-4248c59aae26,Smirnoff (single),single,WWSC-SMIRNOFF-SINGLE,0.64,3.836,SPIRITS,ALCOHOL
815ba75a-b33b-4a57-9a80-dfa329b6a01c,Sourz,Sourz,WWSC-SOURZ,0.36,3.836,SPIRITS,ALCOHOL
b2997e16-c80e-4dfc-8064-bfd4dfe28334,Sourz (double),double,WWSC-SOURZ-DOUBLE,0.72,6.43,SPIRITS,ALCOHOL
3103eb21-ffee-49fb-998a-0c6cc1bda8c7,Sourz (single),single,WWSC-SOURZ-HALF,0.36,3.836,SPIRITS,ALCOHOL
59d09cd4-9bbe-4f70-9a4d-3d19eb8df438,Sourz (x10),10 for £30,WWSC-SOURZ-10-FOR-30,0.36,30,SPIRITS,ALCOHOL
c829951e-efb6-4d9f-a01a-1c07d024a5f1,Sourz (x3),3 for £10,WWSC-SOURZ-3-FOR-10,0.36,10,SPIRITS,ALCOHOL
d7fb7996-9d04-4b6a-b9f8-a6328f5d6e9c,Southern Comfort,Southern Comfort,WWSC-SOUTHERN-COMFORT,0.66,3.836,SPIRITS,ALCOHOL
203fb5d3-d8d9-410f-b931-08019c5da43c,Southern Comfort (double),double,WWSC-SOUTHERN-COMFORT-DOUBLE,1.31,6.43,SPIRITS,ALCOHOL
1c551583-9d4d-4af9-9721-3d909b65f549,Southern Comfort (single),single,WWSC-SOUTHERN-COMFORT-HALF,0.66,3.836,SPIRITS,ALCOHOL
a04581dc-1531-4616-873c-9336e8f5c0f0,Tequila Rose,Tequila Rose,TEQUILA_ROSE_1,0.36,3.836,SPIRITS,ALCOHOL
03acec6c-5973-470a-b2cf-a66c4e710cba,Tequila Rose (double),double,TEQUILA_ROSE_DOUBLE,0.72,6.43,SPIRITS,ALCOHOL
09b5f98c-1c7a-4ae0-85f7-46df81f3cbe3,Tequila Rose (single),single,TEQUILA_ROSE_SINGLE,0.36,3.836,SPIRITS,ALCOHOL
690b288b-682a-43e7-b6af-a49c9897b47d,Tia Maria,Tia Maria,WWSC-TIA-MARIA,0.63,4.5,SPIRITS,ALCOHOL
b3a94e92-fc14-4d55-8758-02ddd6614d6b,Whitley Neill,Whitley Neill,WWSC-WHITLEY-NEILL,0.85,4.365,SPIRITS,ALCOHOL
a7e3d7a0-60af-4bf0-83ac-bd71deb0f851,Whitley Neill (Blood Orange),Whitley Neill (Blood Orange),WWSC-WHITLEY-NEILL-ORANGE,0.81,4.365,SPIRITS,ALCOHOL
29a35675-2490-4ab9-a8df-fa257b9936c5,Whitley Neill (Gooseberry),Whitley Neill (Gooseberry),WWSC-WHITLEY-NEILL-GOOSEBERRY,0.81,4.365,SPIRITS,ALCOHOL
650f45e0-e086-4deb-b7e1-cab566c1a2eb,Whitley Neill (Quince),Whitley Neill (Quince),WWSC-WHITLEY-NEILL-QUINCE,0.97,4.365,SPIRITS,ALCOHOL
6de7c196-b393-4899-9852-7f5b6de93601,Whitley Neill (Raspberry),Whitley Neill (Raspberry),WWSC-WHITLEY_NEILL_RASPBERRY,0.85,4.365,SPIRITS,ALCOHOL
107dd538-a021-40b6-ac68-bf067800d937,Whitley Neill (Rhubarb),Whitley Neill (Rhubarb),WWSC-WHITLEY-NEILL-RHUBARB,0.85,4.365,SPIRITS,ALCOHOL
1653e25a-1d93-49ee-9500-5f92600eccd4,Whitley Neill (double),double,WWSC-WHITLEY-NEILL-DOUBLE,1.7,6.863,SPIRITS,ALCOHOL
a8ac67f2-e142-4013-b4d8-ff3cba7a9047,Whitley Neill (double) (Blood Orange),double,WWSC-WHITLEY-NEILL-ORANGE-DOUBLE,1.62,6.863,SPIRITS,ALCOHOL
a8770ea4-9b13-48de-8b19-999a5d4e2109,Whitley Neill (double) (Gooseberry),double,WWSC-WHITLEY-NEILL-GOOSEBERRY-DOUBLE,1.62,6.863,SPIRITS,ALCOHOL
0e320f27-1d50-4b48-97ad-6d5dba266c09,Whitley Neill (double) (Quince),double,WWSC-WHITLEY-NEILL-QUINCE-DOUBLE,1.94,6.863,SPIRITS,ALCOHOL
d4794279-52fa-4ac2-b46b-3b758b8c2b42,Whitley Neill (double) (Raspberry),double,WWSC-WHITLEY_NEILL_DOUBLE_RASPBERRY,1.7,6.863,SPIRITS,ALCOHOL
ae0ee973-056f-4114-bb87-382a3ade3d1b,Whitley Neill (double) (Rhubarb),double,WWSC-WHITLEY-NEILL-RHUBARB-DOUBLE,1.7,6.863,SPIRITS,ALCOHOL
1a1798c6-44dc-4c18-9693-e466f113578f,Whitley Neill (single),single,WWSC-WHITLEY-NEILL-SINGLE,0.85,4.365,SPIRITS,ALCOHOL
bc4ba5ad-0c89-41e2-8d27-6a83e4b5a46c,Whitley Neill (single) (Blood Orange),single,WWSC-WHITLEY-NEILL-ORANGE-SINGLE,0.81,4.365,SPIRITS,ALCOHOL
83162fad-e993-415b-a7f3-a33759fc07fd,Whitley Neill (single) (Gooseberry),single,WWSC-WHITLEY-NEILL-GOOSEBERRY-SINGLE,0.81,4.365,SPIRITS,ALCOHOL
6545b742-1ad7-4e64-adb0-6fec9315c907,Whitley Neill (single) (Quince),single,WWSC-WHITLEY-NEILL-QUINCE-SINGLE,0.97,4.365,SPIRITS,ALCOHOL
6b14a6d8-b838-40be-bac6-1b9b7d1ccc57,Whitley Neill (single) (Raspberry),single,WWSC-WHITLEY_NEILL_SINGLE_RASPBERRY,0.85,4.365,SPIRITS,ALCOHOL
ccad6745-6d7e-4e92-956a-19e169a0ad08,Whitley Neill (single) (Rhubarb),single,WWSC-WHITLEY-NEILL-RHUBARB-SINGLE,0.85,4.365,SPIRITS,ALCOHOL
3e34c759-821d-4505-b6a7-df02edb46941,Cheese & Tomato Pasta Bake,Cheese & Tomato Pasta Bake,WWSC-CHEESE_TOMATO_PASTA-BAKE,1.38,3.95,SPORTS TEAS,FOOD
c0ffbd51-4768-4235-9cac-2c65223d8f27,Chef's Choice,Chef's Choice,CHEFS_CHOICE,1.75,4,SPORTS TEAS,FOOD
3ae3547e-fb7d-4dfc-ac4d-0056aba4a7ed,Jacket Potato,Jacket Potato,WWSC-JACKET-POTATO,1.52,4.5,SPORTS TEAS,FOOD
caa75ec8-a616-443f-af86-96cb397e3eb6,Lasagne,Lasagne,WWSC-LASAGNE,1.92,4.95,SPORTS TEAS,FOOD
0bdb88cc-0936-40bc-98d2-fc13126db8ab,Protein Pasta Bake,Protein Pasta Bake,WWSC-PROTEIN-PASTA-BAKE,1.57,4.95,SPORTS TEAS,FOOD
23c6b24a-b37b-41b3-a4a3-241351564a35,Sandwich & Chips,Sandwich & Chips,WWSC-SANDWICH-AND-CHIPS,1.75,4,SPORTS TEAS,FOOD
f57ed346-d027-49a1-945b-8c8016dd2af8,"Sausage, Chips & Beans","Sausage, Chips & Beans",WWSC-SAUSAGE-CHIPS-AND-BEANS,0.68,2,SPORTS TEAS,FOOD
7168258e-a1d0-41ac-8fc1-af466a04de28,Staff Bacon Sandwich,Bacon Sandwich,STAFF_BACON_SANDWICH,1.5,0,STAFF,FOOD
4d2a027d-2379-418e-be44-85ba571a72f1,Staff Cheese & red onion Panini,Cheese & red onion,WWSC-STAFF-CHEESE-RED-ONION-PANINI,2,0,STAFF,FOOD
740632ce-3fd1-477e-9747-d03074e61adb,Staff Cheese Sandwich,Cheese Sandwich,STAFF_CHEESE_SANDWICH,1.5,0,STAFF,FOOD
eb362557-b81b-4cb3-bd28-a02195ca1aed,Staff Chicken & Chips,Chicken & Chips,WWSC-STAFF-CHICKEN-AND-CHIPS,3,3,STAFF,FOOD
62ff421a-90ff-4d9b-9948-61ea5db3f0f5,Staff Chilli & Rice,Chilli & Rice,WWSC-STAFF-CHILLI-AND-RICE,3,3,STAFF,FOOD
3e9c256d-8ed3-4545-89ce-df584b452217,Staff Chips,Staff Chips,WWSC-STAFF-CHIPS,0,0,STAFF,FOOD
c40a7fbe-ec44-4e16-86fb-94f8086154f1,Staff Egg Mayo Sandwich,Egg Mayo Sandwich,STAFF_EGGMAYO_SANDWICH,1.5,0,STAFF,FOOD
8b8972dc-b4cf-49be-a38b-898df4c80837,Staff Ham & cheese Panini,Ham & cheese,WWSC-STAFF-HAM-CHEESE-PANINI,2,0,STAFF,FOOD
a819b6d6-62aa-4687-8886-da522079433e,Staff Ham Sandwich,Ham Sandwich,STAFF_HAM_SANDWICH,1.5,0,STAFF,FOOD
089b2e24-6c49-4451-b04d-236e18cf7abc,Staff Jacket Potato,Staff Jacket Potato,WWSC-STAFF-JACKET-POTATO,0,0,STAFF,FOOD
5c4b0e58-0587-430c-99fd-9b0bd78db93d,Staff Panini,Panini,PANINI,0,0,STAFF,FOOD
5d3cabd5-c7a7-4c28-ba46-b33b508407d4,Staff Salad,Staff Salad,WWSC-STAFF-SALAD,0,0,STAFF,FOOD
c1fe4626-ebf7-4678-8487-0d25ea6d96e8,Staff Sandwich,Staff Sandwich,WWSC-STAFF-SANDWICH,0,0,STAFF,FOOD
ee6f8f39-168a-4a87-ace9-a1dc7b0a3b40,Staff Sandwich - Bacon,bacon,WWSC-STAFF-SANDWICH-BACON,0,0,STAFF,FOOD
f249c9f8-15b6-4a46-ba83-d4a05b33a723,Staff Sandwich - Cheese,cheese,WWSC-STAFF-SANDWICH-CHEESE,0,0,STAFF,FOOD
56673099-d09a-4ce7-a73c-359c457d370d,Staff Sandwich - Egg Mayo,egg mayo,WWSC-STAFF-SANDWICH-EGG-MAYO,0,0,STAFF,FOOD
9fe7ac22-5d7c-45fb-910a-8c967441d475,Staff Sandwich - HAM,ham,WWSC-STAFF-SANDWICH-HAM,0,0,STAFF,FOOD
05fb5417-846a-4062-a39d-5e3d239c9206,Staff Sandwich - Tuna Mayo,tuna mayo,WWSC-STAFF-SANDWICH-TUNA-MAYO,0,0,STAFF,FOOD
a573b0d0-ce36-4293-8ef5-88b32c6a0141,Staff Sausage Sandwich,Sausage Sandwich,STAFF_SAUSAGE_SANDWICH,1.5,0,STAFF,FOOD
84c5c9ba-872a-4d74-9bb7-8a303925f86c,Staff Tandoori Chicken Salad,Tandoori Chicken Salad,STAFF_TANDOORI_CHICKEN_SALAD,1.5,0,STAFF,FOOD
c0fbf9cf-3243-4083-a7ec-083980745a6a,Staff Tomato & Basil Pasta,Tomato & Basil Pasta,WWSC-STAFF-TOMATO-BASIL-PASTA,3,3,STAFF,FOOD
69b45970-65e9-463b-929a-942336593da0,Staff Tuna Sandwich,Tuna Sandwich,STAFF_TUNA_SANDWICH,1.5,0,STAFF,FOOD
9b9f102c-74f9-4c28-bc3a-93b9c2e47de0,Staff Tuna melt Panini,Tuna melt,WWSC-STAFF-TUNA-MELT-PANINI,2,0,STAFF,FOOD
4b434f2a-db9b-4ba6-8a42-02579f93c02c,Staff Vegan cheese Panini,Vegan cheese,WWSC-STAFF-VEGAN-CHEESE-PANINI,2,0,STAFF,FOOD
903e3a1e-c78d-4bbf-9ac8-b09864c500d3,Staff Veggie Burger,Veggie Burger,WWSC-STAFF-VEGGIE-BURGER,3,3,STAFF,FOOD
fcdf8e34-e35c-423f-8234-e88d1d56ac66,Bap - Hot Beef,beef,WWSC-BAP-HOT-BEEF,3,10.95,SUNDAY BAR MENU,FOOD
2253c756-e077-4d86-98ea-45b1d4e4162a,Bap - Hot Beef or Pork,Bap - Hot Beef or Pork,WWSC-BAP-HOT-BEEF-OR-PORK,3,10.95,SUNDAY BAR MENU,FOOD
9b8b2bfe-1eb9-4b74-b3a5-f55b33b2944d,Bap - Hot Pork,Pork,WWSC-BAP-HOT-PORK,3,10.95,SUNDAY BAR MENU,FOOD
31ebbcc0-988a-4ebf-bdf3-01b20fde39ab,Kids Menu,Kids,WWSC-SUNDAY-KIDS-MENU,2,7.5,SUNDAY BAR MENU,FOOD
1de90f81-59eb-44e7-b2ae-8ad62af9fc0e,Kids Menu - Chicken Nuggets,chicken nuggets,WWSC-SUNDAY-CHICKEN-NUGGETS-KIDS,2,7.5,SUNDAY BAR MENU,FOOD
8e043b8d-c36c-46e0-901c-781bc82a62ab,Kids Menu - Fish Fingers,fish fingers,WWSC-SUNDAY-FISH-FINGERS-KIDS,2,7.5,SUNDAY BAR MENU,FOOD
68c345d6-14e4-41d2-bb2b-cda50cd90652,Kids Menu - Roast Beef,roast beef,WWSC-SUNDAY-ROAST-BEEF-KIDS,2,9.95,SUNDAY BAR MENU,FOOD
6e9be516-bcd4-45b8-81b4-d59a82e97228,Kids Menu - Roast Pork,roast pork,WWSC-SUNDAY-ROAST-PORK-KIDS,2,9.95,SUNDAY BAR MENU,FOOD
15eecc76-5838-4f80-8cbd-fc9a3a023bce,Kids Menu - Sausages & Mash,sausages & mash,WWSC-SUNDAY-SAUSAGES-MASH-KIDS,2,7.5,SUNDAY BAR MENU,FOOD
8df958b1-142a-4911-8a9d-fb6250723276,Panini - Pork,Panini - Pork,WWSC-SUNDAY-PORK-PANINI,3,10.95,SUNDAY BAR MENU,FOOD
81e241d7-454d-4ea0-b974-a34a2c98aa45,Roast Beef or Pork,Roast Beef or Pork,WWSC-ROAST-BEEF-OR-PORK,5,16.95,SUNDAY BAR MENU,FOOD
1ba75d39-d7e9-4a0a-9e63-ef0abf1c21f3,Sausages & Mash,Sausages & Mash,WWSC-SAUSAGES-AND-MASH,3,10.95,SUNDAY BAR MENU,FOOD
1f35c122-70bf-46cd-a340-09fe2f7c7d10,Side Dish,Side Dishes,WWSC-SUNDAY-SIDE-DISHES,0.5,4,SUNDAY BAR MENU,FOOD
934bf78a-7f14-4b23-b241-b579760048d9,Side Dish - Cauliflower Chees,cauliflower cheese,WWSC-SUNDAY-CAULIFLOWER-CHEESE,0.5,4,SUNDAY BAR MENU,FOOD
9a0c7f8e-bfbc-403e-b50b-7c484678715e,Side Dish - Chips,chips & gravy,WWSC-CHIPS-AND-GRAVY,0.5,4,SUNDAY BAR MENU,FOOD
7cd9c37d-dc8e-48bf-bb2e-e0685e343e3f,Side Dish - Roast Potatoes,roast potatoes & gravy,WWSC-SUNDAY-ROAST-POTATOES,0.5,4,SUNDAY BAR MENU,FOOD
4437714b-09a5-4e63-82e3-142d5f158ee3,Something Sweet,Something Sweet,WWSC-SOMETHING-SWEET,0.5,4,SUNDAY BAR MENU,FOOD
540b94ea-7cf5-4306-82f2-f07324236e69,Something Sweet - Apple Crumble,apple crumble,WWSC-SUNDAY-APPLE-CRUMBLE,0.5,4,SUNDAY BAR MENU,FOOD
fe519f8e-fd04-4af7-aeb7-e3ac3ace8472,Something Sweet - Ice Cream,ice cream,WWSC-SUNDAY-ICE-CREAM,0.5,4,SUNDAY BAR MENU,FOOD
de448605-4f55-4697-b4f7-b43de481e922,Something Sweet - Lemon Drizzle,lemon drizzle sponge,WWSC-SUNDAY-LEMON-DRIZZLE-SPONGE,0.5,4,SUNDAY BAR MENU,FOOD
128a1654-ce56-472d-8a41-d648e90a6efd,Something Sweet - Sundae,sundae,WWSC-SUNDAY-SUNDAE,0.5,4,SUNDAY BAR MENU,FOOD
807e8df2-fbc3-45bf-9ce9-83c98f2964a9,Soup of the Day,Soup of the Day,WWSC-SUNDAY-SOUP-OF-THE-DAY,0.5,4,SUNDAY BAR MENU,FOOD
a5842d8a-425a-4052-bc2b-abd7d8c67cfc,Sunday Roast Beef,beef,WWSC-SUNDAY-ROAST-BEEF,5,16.95,SUNDAY BAR MENU,FOOD
afab2c50-3a11-4736-b101-903352f909b3,Sunday Roast Beef (kids),beef (kids),WWSC-SUNDAY-ROAST-BEEF-KIDS,5,9.95,SUNDAY BAR MENU,FOOD
e1e38a68-6330-4e89-8dab-cac529c8ad8c,Sunday Roast Pork,pork,WWSC-SUNDAY-ROAST-PORK,5,16.95,SUNDAY BAR MENU,FOOD
e5f7990c-fa17-4842-8e6c-680f8d673ae8,Sunday Roast Pork (kids),pork (kids),WWSC-SUNDAY-ROAST-PORK-KIDS,5,9.95,SUNDAY BAR MENU,FOOD
b0c8d3c1-1f17-4d5d-9b25-cd8531130bbd,Yorkshire Pudding Dinner,Yorkshire pudding dinner,WWSC-YORKSHIRE-PUDDING-DINNER,3,10.95,SUNDAY BAR MENU,FOOD
6ee05067-cd97-4a37-b375-00594a8736b5,Yorkshire Pudding Dinner Beef,beef,WWSC-YORKSHIRE-PUDDING-DINNER-BEEF,3,10.95,SUNDAY BAR MENU,FOOD
fa640751-a783-437d-88a5-02ebd7f3f02c,Yorkshire Pudding Dinner Pork,pork,WWSC-YORKSHIRE-PUDDING-DINNER-PORK,3,10.95,SUNDAY BAR MENU,FOOD
f9e98a1d-d4d7-44a3-9e66-061eefacbfdf,Yorkshire Pudding Dinner Sausage,sausage,WWSC-YORKSHIRE-PUDDING-DINNER-SAUSAGE,3,10.95,SUNDAY BAR MENU,FOOD
da57cabf-0bbd-4cf4-8e14-839b6c711017,Yorkshire Pudding Dinner Veg,veg,WWSC-YORKSHIRE-PUDDING-DINNER-VEG,3,10.95,SUNDAY BAR MENU,FOOD
10f45196-6495-42c8-9f68-a6815bcdd68b,1-COURSE,1-COURSE,WWSC-SUNDAY-LUNCH-1-COURSE,4.7,16.95,SUNDAY LUNCH,FOOD
c0ab8c4d-b088-4596-af44-3b3719539f47,1-COURSE (adult),adult,WWSC-SUNDAY-LUNCH-1-COURSE-ADULT,4.7,16.95,SUNDAY LUNCH,FOOD
41de2084-a62f-401f-854d-541477986160,1-COURSE (kids),kids,WWSC-SUNDAY-LUNCH-1-COURSE-KIDS,2.88,9.95,SUNDAY LUNCH,FOOD
88e4b9eb-12ff-44bb-98c3-b30f40aeabc8,2-COURSE,2-COURSE,WWSC-SUNDAY-LUNCH-2-COURSE,6.25,20.95,SUNDAY LUNCH,FOOD
fe874b00-fc18-4c36-80c3-8b28f4201e9f,2-COURSE (adult),adult,WWSC-SUNDAY-LUNCH-2-COURSE-ADULT,6.25,20.95,SUNDAY LUNCH,FOOD
f5fc7904-bbdd-4a83-9bf5-b31627d0fec4,2-COURSE (kids),kids,WWSC-SUNDAY-LUNCH-2-COURSE-KIDS,3.65,12.95,SUNDAY LUNCH,FOOD
bb3b8029-71a7-4c60-933f-8d194b5e4cd5,3-COURSE,3-COURSE,WWSC-SUNDAY-LUNCH-3-COURSE,8,24.95,SUNDAY LUNCH,FOOD
799b13da-8017-4374-86f3-cf4ed10c1cc7,3-COURSE (adult),adult,WWSC-SUNDAY-LUNCH-3-COURSE-ADULT,6.98,24.95,SUNDAY LUNCH,FOOD
22ecdef2-20b2-4252-8808-d502d46e0722,3-COURSE (kids),kids,WWSC-SUNDAY-LUNCH-3-COURSE-KIDS,4,15.95,SUNDAY LUNCH,FOOD
3bae4e2e-0d0c-4979-a947-04c009cda926,CARVERY (2 Course),ADULT CARVERY,2COURSE_CARVERY,6.25,15.95,SUNDAY LUNCH,FOOD
14c16993-8783-488d-97a6-a96e32242a19,CARVERY (2 Course),CHILDS CARVERY,CARVERY_2_COURSE,6.25,12.95,SUNDAY LUNCH,FOOD
6912da6d-baf4-4430-ac10-c6398db1b71b,Coffee,Coffee,WWSC-SUNDAY-LUNCH-COFFEE,0.52,1.5,SUNDAY LUNCH,FOOD
a40eab9e-b2d9-41d5-bda4-6fde85f6612b,Coffee and Mince Pie,Coffee & Mince Pie,WWSC-SUNDAY-LUNCH-COFFEE-MINCE-PIE,1.82,3.5,SUNDAY LUNCH,FOOD
f8fc4003-d8a2-48cb-8c6d-9767eb222bd5,Easter Carvery,Easter Carvery,WWSC-EASTER-CARVERY,6.25,16.95,SUNDAY LUNCH,FOOD
5d5f15b6-44ce-4f85-a908-392e79b4fafc,Easter Carvery U12,Easter Carvery U12,WWSC-EASTER-CARVERY-U12,6.25,13.95,SUNDAY LUNCH,FOOD
db4bc0da-19e2-4978-9b99-d7ca2aedd863,Tea,Tea,WWSC-SUNDAY-LUNCH-TEA,0.52,1.5,SUNDAY LUNCH,FOOD
dbdad0ad-7c00-4298-89c9-3c6cda15372d,Tea and Mince Pie,Tea & Mince Pie,WWSC-SUNDAY-LUNCH-TEA-MINCE-PIE,1.82,3.5,SUNDAY LUNCH,FOOD
57abeaf5-1869-409a-97d8-21b87c47abea,Cake,Cake,WWSC-CAKE,0.5,1.5,TEA & COFFEE,FOOD
99a22997-16f6-4811-8d52-cea5a7bc50de,Coffee Large,Coffee Large,WWSC-COFFEE-LARGE,0.78,3,TEA & COFFEE,FOOD
d6586ab3-431c-40c6-a3c1-d8e70af3f3ce,Coffee Regular,Coffee Regular,WWSC-COFFEE-REG,0.78,2.5,TEA & COFFEE,FOOD
42e90d36-8199-476f-8c4d-b3e75453bc50,Cup of Tea,Cup of Tea,WWSC-CUP-OF-TEA,0.78,1.75,TEA & COFFEE,FOOD
e18fc7af-5ab8-4252-ac5f-647a07f28b51,Hot Chocolate Large,Hot Chocolate Large,WWSC-HOT-CHOCOLATE-LARGE,0.52,3,TEA & COFFEE,FOOD
9dcf7b73-e1e5-47e4-abb3-66f6d1295841,Hot Chocolate Regular,Hot Chocolate Regular,WWSC-HOT-CHOCOLATE-REG,0.78,2.5,TEA & COFFEE,FOOD
6c4643cc-187c-48eb-ad17-8c86b4e7bb73,Milk (Glass),Milk (Glass),WWSC-MILK-GLASS,0.3,1,TEA & COFFEE,FOOD
a716ce4c-fa9f-4d9b-9a24-d3b2c9376533,Pot of Tea,Pot of Tea,WWSC-POT-OF-TEA,0.78,2.25,TEA & COFFEE,FOOD
a14e3c79-5926-4a67-a226-c21783db68c5,Halloween Ticket,Halloween,WWSC-HALLOWEEN-TICKET,1,6.5,TICKETS,FOOD
6c29736e-4f0c-4ef1-8691-3876ace86288,New Years Eve 2024,New Years Eve,WWSC-NYE-2024,0,25,TICKETS,FOOD
29ead0ae-315a-4a09-b910-125176ab861b,New Years Eve 2024 Adult,adult,WWSC-NYE-2024-ADULT,0,25,TICKETS,FOOD
670ec4e2-5129-410a-89bc-2d23241daff0,New Years Eve 2024 Kids,kids,WWSC-NYE-2024-KIDS,0,15,TICKETS,FOOD
17e4b15a-dd54-4051-adef-f2af9590b7fb,Accomplice Chardonnay,Accomplice Chardonnay,WWSC-ACCOMPLICE-CHARDONNAY/WHITE,6.8,20.25,WINE,ALCOHOL
5aa0924d-884f-4bc4-ae77-6220e1177af4,Accomplice Chardonnay (bottle),Bottle,WWSC-ACCOMPLICE-CHARDONNAY-BOTTLE/WHITE,6.8,20.25,WINE,ALCOHOL
42bacf16-55bb-433f-93cf-ee71b3974243,Accomplice Chardonnay (large),Large,WWSC-ACCOMPLICE-CHARDONNAY-LARGE/WHITE,2.27,6.75,WINE,ALCOHOL
15913bba-468f-4ddd-8458-786de130b576,Accomplice Chardonnay (medium),Medium,WWSC-ACCOMPLICE-CHARDONNAY-MEDIUM//WHITE,1.7,5.35,WINE,ALCOHOL
62015d43-31e8-485b-9f4d-5dffbb587e77,Accomplice Chardonnay (small),Small,WWSC-ACCOMPLICE-CHARDONNAY-SMALL/WHITE,1.13,3.95,WINE,ALCOHOL
ce1895e7-5efa-4648-89f9-ef77343d01d7,Accomplice Chardonnay (spritzer large),Spritzer large,WWSC-ACCOMPLICE-CHARDONNAY-SPRITZER/WHITE,2.26,6.75,WINE,ALCOHOL
11b57e93-aed8-432f-bf97-b65b8bdc7eec,Accomplice Chardonnay (spritzer medium),Spritzer medium,WWSC-ACCOMPLICE-CHARDONNAY-SPRITZER/WHITE,1.7,6,WINE,ALCOHOL
babdbed5-8ed9-4bfa-9f70-e88eaee90200,Accomplice Shiraz,Accomplice Shiraz,WWSC-ACCOMPLICE-SHIRAZ/RED,6.8,20.25,WINE,ALCOHOL
16679ed9-12d5-48c5-be8e-d307fe4e4798,Accomplice Shiraz (bottle),Bottle,WWSC-ACCOMPLICE-SHIRAZ-BOTTLE/RED,6.8,20.25,WINE,ALCOHOL
ffd9d4a7-e8e3-42f1-8a70-ddae086d611f,Accomplice Shiraz (large),Large,WWSC-ACCOMPLICE-SHIRAZ-LARGE/RED,2.27,6.75,WINE,ALCOHOL
6665f841-0a97-4dab-892e-e3d85b021b1b,Accomplice Shiraz (medium),Medium,WWSC-ACCOMPLICE-SHIRAZ-MEDIUM/RED,1.7,5.35,WINE,ALCOHOL
0af75ebf-c301-4748-b82e-2a4a517ce9e1,Accomplice Shiraz (small),Small,WWSC-ACCOMPLICE-SHIRAZ-SMALL/RED,1.13,3.95,WINE,ALCOHOL
f6a7b7cd-31e4-4d1a-8a26-b04188f3a446,Alianca Bairrada,Alianca Bairrada,WWSC-ALIANCA-BAIRRADA/RED,8.07,19.95,WINE,ALCOHOL
8ff2ee08-44b3-4507-aa39-dc7688a15221,Amori,Amori,WWSC-AMORI/PROSECCO,7.48,22.5,WINE,ALCOHOL
53707cae-ee1f-4887-9a6e-92d89fbaead5,Amori Mini,Amori Mini,WWSC-AMORI-MINI/PROSECCO,2.49,7.85,WINE,ALCOHOL
8c58fabd-9c04-4be6-a0b6-1566739d79d0,Amori Pinot Grigio,Amori Pinot Grigio,AMORI_PINOT_GRIGIO,5.35,19.15,WINE,ALCOHOL
8d9ed470-5284-47e1-b5df-5341d86f3139,Amori Pinot Grigio (Spritzer large),Spritzer large,AMORI_PINOT_GRIGIO_SPRITZER_LARGE,2.05,7.15,WINE,ALCOHOL
43e93ce4-d39d-4090-b90d-3ee13c467cfe,Amori Pinot Grigio (bottle),Bottle,AMORI_PINOT_GRIGIO_BOTTLE,6.15,19.15,WINE,ALCOHOL
ed8a49d7-2005-437e-b636-f033b490fd2c,Amori Pinot Grigio (large),Large,AMORI_PINOT_GRIGIO_LARGE,2.05,6.5,WINE,ALCOHOL
e1906551-52d9-4c5a-9a02-1c87d8a61e0e,Amori Pinot Grigio (medium),Medium,AMORI_PINOT_GRIGIO_MEDIUM,1.54,5.15,WINE,ALCOHOL
1da47164-137c-4b9e-80e9-e3519fc91273,Amori Pinot Grigio (small),Small,AMORI_PINOT_GRIGIO_SMALL,1.03,3.85,WINE,ALCOHOL
1f61c4d8-b5ba-4c40-ade2-001cd7b3177f,Amori Pinot Grigio (spritzer medium),Spritzer medium,AMORI_PINOT_GRIGIO_SPRITZER_MEDIUM,1.54,5.8,WINE,ALCOHOL
fe058385-59d5-4a5a-aef5-cca7e073487c,Andersbrook Chenin,Andersbrook Chenin,WWSC-ANDERSBROOK-CHENIN/WHITE,5.09,20.25,WINE,ALCOHOL
eea5d88e-deb2-4116-9e86-8f7db939eafd,Andersbrook Chenin (bottle),Bottle,WWSC-ANDERSBROOK-CHENIN-BOTTLE/WHITE,5.09,20.25,WINE,ALCOHOL
26ce2d98-7a50-40fd-b5c7-336f013d29b0,Andersbrook Chenin (large),Large,WWSC-ANDERSBROOK-CHENIN-LARGE/WHITE,1.7,6.75,WINE,ALCOHOL
f0dbeed8-9270-4a8f-8611-19e03a58510f,Andersbrook Chenin (medium),Medium,WWSC-ANDERSBROOK-CHENIN-MEDIUM/WHITE,1.27,5.35,WINE,ALCOHOL
2b16ae79-52de-4447-914f-f8c70ad6815b,Andersbrook Chenin (small),Small,WWSC-ANDERSBROOK-CHENIN-SMALL/WHITE,0.85,3.95,WINE,ALCOHOL
4bb2ef93-bdf1-4e16-833c-52b2ad50c6ff,Andersbrook Chenin (spritzer),Spritzer,WWSC-ANDERSBROOK-CHENIN-SPRITZER/WHITE,1.27,5.35,WINE,ALCOHOL
2502180e-226e-4d63-8f7c-eff4b010d1af,Angels Flight White Zinfandel,Angels Flight White Zinfandel,ANGELS_FLIGHT_WHITE_ZINFANDEL,6.28,19.15,WINE,ALCOHOL
172f4c06-bd2c-4565-a91f-7c3f7e90e430,Angels Flight White Zinfandel (bottle),Bottle,ANGELS_FLIGHT_WHITE_ZINFANDEL_BOTTLE,6,19.15,WINE,ALCOHOL
4addbc3f-3019-4a5a-86f6-eea1dff0cade,Angels Flight White Zinfandel (large),Large,ANGELS_FLIGHT_WHITE_ZINFANDEL_LARGE,2,6.5,WINE,ALCOHOL
4dba509a-db54-4292-bb0a-525f88ccff69,Angels Flight White Zinfandel (medium),Medium,ANGELS_FLIGHT_WHITE_ZINFANDEL_MEDIUM,1.5,5.15,WINE,ALCOHOL
3718ef04-945d-4852-aa19-dbe290d09931,Angels Flight White Zinfandel (small),Small,ANGELS_FLIGHT_WHITE_ZINFANDEL_SMALL,1,3.85,WINE,ALCOHOL
fa921213-e268-499f-8f2b-e93a22a233ca,Angels Flight White Zinfandel (spritzer large),Spritzer large,ANGELS_FLIGHT_WHITE_ZINFANDEL_SPRITZER_LARGE,2,6.5,WINE,ALCOHOL
d45527e0-c28d-4a53-925c-4a73421e6691,Angels Flight White Zinfandel (spritzer medium),Spritzer medium,ANGELS_FLIGHT_WHITE_ZINFANDEL_SPRITZER_MEDIUM,1.53,5.8,WINE,ALCOHOL
78133a6b-e10a-4954-98e4-331ac44b2a10,Bagordi Rioja,Bagordi Rioja,WWSC-BAGORDI-RIOJA,6.94,22.5,WINE,ALCOHOL
650f3897-b070-48d8-b149-9b2eaceee273,Bagordi Rioja (bottle),Bottle,BAGORDI_RIOJA_BOTTLE,6.94,22.5,WINE,ALCOHOL
e7e80468-3552-421e-a8cc-cd4accf694f9,Bagordi Rioja (large),Large,BAGORDI_RIOJA_LARGE,2.31,7.75,WINE,ALCOHOL
5400eab2-0f80-4bfc-bf7b-636244a64f90,Bagordi Rioja (medium),Medium,BAGORDI_RIOJA_MEDIUM,1.74,6.5,WINE,ALCOHOL
7c1150a4-1a4a-457e-8002-342a579e12d4,Bagordi Rioja (small),Small,BAGORDI_RIOJA_SMALL,1.16,5.15,WINE,ALCOHOL
46adfa2d-14d7-424d-a0fc-f0c191a75b56,Corkage - Fizz,Corkage Fizz,CORKAGE_FIZZ_WINE,20,22.5,WINE,ALCOHOL
ebf2fa6a-b00e-4288-9cbc-8efc06fe551e,Corkage - Wine,Corkage,CORKAGE,15,16.75,WINE,ALCOHOL
a1fffd72-d083-4072-9293-9ef2a27a131c,Cuvee Du Roy Rose,Cuvee Du Roy Rose,WWSC-CUVEE-DU-ROY-ROSE/ROSE,6.84,19.15,WINE,ALCOHOL
2af7cf0c-31ee-4388-a922-7352e6802965,Cuvee Du Roy Rose (bottle),Bottle,WWSC-CUVEE-DU-ROY-ROSE-BOTTLE/ROSE,6.84,19.15,WINE,ALCOHOL
51bb3f90-a4b9-472d-b639-8e07b6101db9,Cuvee Du Roy Rose (large),Large,WWSC-CUVEE-DU-ROY-ROSE-LARGE/ROSE,2.28,6.5,WINE,ALCOHOL
b3a72deb-d041-4d56-a432-bfd9f3d3a825,Cuvee Du Roy Rose (medium),Medium,WWSC-CUVEE-DU-ROY-ROSE-MEDIUM/ROSE,1.71,5.15,WINE,ALCOHOL
7489c009-2dbb-4364-bbfc-0e99ff6a391b,Cuvee Du Roy Rose (small),Small,WWSC-CUVEE-DU-ROY-ROSE-SMALL/ROSE,1.14,3.85,WINE,ALCOHOL
6659e83f-c478-4c39-a574-3d064cd9d496,Cuvee Du Roy Rose (spritzer large),Spritzer large,WWSC-CUVEE-DU-ROY-ROSE-SPRITZER/ROSE,2.28,6.5,WINE,ALCOHOL
64967218-6dae-45d5-9b35-7445b7a9898b,Cuvee Du Roy Rose (spritzer medium),Spritzer medium,WWSC-CUVEE-DU-ROY-ROSE-SPRITZER/ROSE,1.53,5.8,WINE,ALCOHOL
9c7adef6-a90b-4bf0-9526-55b84ff507dc,DeaDelMar Pinot Grigio,DeaDelMar Pinot Grigio,WWSC-DEADELMAR-PINOT-GRIGIO/WHITE,6.15,19.15,WINE,ALCOHOL
b4221d65-eea5-4f31-8ce3-218eaea68309,DeaDelMar Pinot Grigio (bottle),Bottle,WWSC-DEADELMAR-PINOT-GRIGIO-BOTTLE/WHITE,6.15,19.15,WINE,ALCOHOL
3fbda9ea-0f99-4d7a-bfea-c0b17956432c,DeaDelMar Pinot Grigio (large),Large,WWSC-DEADELMAR-PINOT-GRIGIO-LARGE/WHITE,2.05,6.5,WINE,ALCOHOL
de7585a0-74a5-4f1c-bf88-4449104ec066,DeaDelMar Pinot Grigio (medium),Medium,WWSC-DEADELMAR-PINOT-GRIGIO-MEDIUM/WHITE,1.54,5.15,WINE,ALCOHOL
9b078ee3-5df7-400f-b84e-abb18dc84cb3,DeaDelMar Pinot Grigio (small),Small,WWSC-DEADELMAR-PINOT-GRIGIO-SMALL/WHITE,1.03,3.85,WINE,ALCOHOL
be5c98ad-0997-439f-a216-35d1fb66bb0a,DeaDelMar Pinot Grigio (spritzer large),Spritzer large,WWSC-DEADELMAR-PINOT-GRIGIO-SPRITZER/WHITE,2.05,7.15,WINE,ALCOHOL
99061f22-9680-4d7f-a0f4-8dba960821cb,DeaDelMar Pinot Grigio (spritzer medium),Spritzer medium,WWSC-DEADELMAR-PINOT-GRIGIO-SPRITZER/WHITE,1.54,5.8,WINE,ALCOHOL
8bb4b391-459d-4f6c-9bd1-9a70fbf0bdda,Il Caggio,Il Caggio,WWSC-IL-CAGGIO/PROSECCO,7.48,22.5,WINE,ALCOHOL
a4bdc2de-e72c-489d-a8f1-dfab5dae3cda,Il Caggio Mini,Il Caggio Mini,WWSC-IL-CAGGIO-MINI/PROSECCO,2.49,7.85,WINE,ALCOHOL
b8b24374-665d-4e33-b589-bbf3350397d8,Kalua Malbec,Kalua Malbec,WWSC-KALUA-MALBEC/RED,6.35,22.5,WINE,ALCOHOL
92b6020d-5362-4bb7-90f9-191053c663c1,Ladera Tempranillo,Ladera Tempranillo,WWSC-LADERA-TEMPRANILLO/RED,6.5,19.15,WINE,ALCOHOL
09dc990b-33fb-4792-9db8-3b7ff4842b9b,Ladera Tempranillo (bottle),Bottle,WWSC-LADERA-TEMPRANILLO-BOTTLE/RED,6.5,19.15,WINE,ALCOHOL
4078fde7-5e41-4ab3-b697-64149bb48581,Ladera Tempranillo (large),Large,WWSC-LADERA-TEMPRANILLO-LARGE/RED,2.17,6.5,WINE,ALCOHOL
5fbd38f7-dfb8-47ec-8391-d612533a7961,Ladera Tempranillo (medium),Medium,WWSC-LADERA-TEMPRANILLO-MEDIUM/RED,1.63,5.15,WINE,ALCOHOL
47ede8fd-d8cb-4d4f-9116-e98553b52578,Ladera Tempranillo (small),Small,WWSC-LADERA-TEMPRANILLO-SMALL/RED,1.09,3.85,WINE,ALCOHOL
511d4fec-4462-4486-a610-bf0014235429,Mendoza Malbec,Mendoza Malbec,WWSC-MENDOZA-MALBEC/RED,6.57,22.5,WINE,ALCOHOL
3b4b7e61-7b4c-4985-b7b4-0c23ecef53b1,Mendoza Malbec (bottle),Bottle,WWSC-MENDOZA-MALBEC-BOTTLE/RED,6.57,22.5,WINE,ALCOHOL
8803c0f9-e900-4f73-a682-68891dd9deaf,Mendoza Malbec (large),Large,WWSC-MENDOZA-MALBEC-LARGE/RED,2.19,7.75,WINE,ALCOHOL
a061fd19-9895-4b27-b69a-743d4edebada,Mendoza Malbec (medium),Medium,WWSC-MENDOZA-MALBEC-MEDIUM/RED,1.64,6.5,WINE,ALCOHOL
88d3497c-60de-42c2-aec6-410e3896fb28,Mendoza Malbec (small),Small,WWSC-MENDOZA-MALBEC-SMALL/RED,1.1,5.15,WINE,ALCOHOL
73657aa3-58d0-42da-afaa-e54158109b9a,NorteChico Chardonnay,NorteChico Chardonnay,WWSC-NORTE-CHICO-CHARDONNAY/WHITE,5.75,19.15,WINE,ALCOHOL
0979784f-87dd-4ccd-9e82-425b1ca915b5,NorteChico Chardonnay (bottle),Bottle,WWSC-NORTE-CHICO-CHARDONNAY-BOTTLE/WHITE,5.75,19.15,WINE,ALCOHOL
47e59f2c-dcce-4159-997a-da23bacaea23,NorteChico Chardonnay (large),Large,WWSC-NORTE-CHICO-CHARDONNAY-LARGE/WHITE,1.92,6.5,WINE,ALCOHOL
458f4828-9aca-4fed-8e55-7884d6c602ef,NorteChico Chardonnay (medium),Medium,WWSC-NORTE-CHICO-CHARDONNAY-MEDIUM/WHITE,1.44,5.15,WINE,ALCOHOL
a5ce039b-5569-4415-b151-391542c51385,NorteChico Chardonnay (small),Small,WWSC-NORTE-CHICO-CHARDONNAY-SMALL/WHITE,0.96,3.85,WINE,ALCOHOL
5d0220a7-ec40-4379-8156-2769cd619f89,NorteChico Chardonnay (spritzer large),Spritzer large,WWSC-NORTE-CHICO-CHARDONNAY-SPRITZER/WHITE,5.75,7.15,WINE,ALCOHOL
2c0cb93a-d54f-4597-94d9-8e682d8001e2,NorteChico Chardonnay (spritzer medium),Spritzer medium,WWSC-NORTE-CHICO-CHARDONNAY-SPRITZER/WHITE,1.44,5.8,WINE,ALCOHOL
f1010838-1bfc-4432-9fbc-2952c9a17d2d,PacoMulro Monastrell,PacoMulro Monastrell,WWSC-PACOMULRO-MONASTRELL/RED,15.62,45,WINE,ALCOHOL
0d9d0abf-288d-4652-b064-26d213d0ebf2,ParlezVous Sauvignon,ParlezVous Sauvignon,WWSC-PARLEZVOUS-SAUVIGNON/WHITE,6.24,19.15,WINE,ALCOHOL
bfee3b18-03be-4fe2-8d36-205f3f84f2de,ParlezVous Sauvignon (bottle),Bottle,WWSC-PARLEZVOUS-SAUVIGNON-BOTTLE/WHITE,6.24,19.15,WINE,ALCOHOL
6e5ca517-794b-4dbc-8af9-3da78483d506,ParlezVous Sauvignon (large),Large,WWSC-PARLEZVOUS-SAUVIGNON-LARGE/WHITE,2.08,6.5,WINE,ALCOHOL
c818e80a-2103-4b52-9f23-9a1745ac201b,ParlezVous Sauvignon (medium),Medium,WWSC-PARLEZVOUS-SAUVIGNON-MEDIUM/WHITE,1.56,5.15,WINE,ALCOHOL
e2bb6599-48d6-441c-9be3-db686d44a56b,ParlezVous Sauvignon (small),Small,WWSC-PARLEZVOUS-SAUVIGNON-SMALL/WHITE,1.04,3.85,WINE,ALCOHOL
09c28cab-297e-49b2-a3dc-890f21556122,ParlezVous Sauvignon (spritzer large),Spritzer large,WWSC-PARLEZVOUS-SAUVIGNON-SPRITZER/WHITE,2.08,6.5,WINE,ALCOHOL
06f9c6a0-947f-4bd0-912b-ce8179cd7235,ParlezVous Sauvignon (spritzer medium),Spritzer medium,WWSC-PARLEZVOUS-SAUVIGNON-SPRITZER/WHITE,1.56,5.15,WINE,ALCOHOL
0402ad02-dac6-4a4f-bc51-7ed0f4436c35,Santa Lucia Merlot,Santa Lucia Merlot,WWSC-SANTA-LUCIA-MERLOT/RED,6.01,19.15,WINE,ALCOHOL
839095a6-be72-4dfa-b72f-bcceb4bb38d0,Santa Lucia Merlot (bottle),Bottle,WWSC-SANTA-LUCIA-MERLOT-BOTTLE/RED,6.01,19.15,WINE,ALCOHOL
81d3eed8-a063-4cb3-b65d-a78ef52886d7,Santa Lucia Merlot (large),Large,WWSC-SANTA-LUCIA-MERLOT-LARGE/RED,2.01,6.5,WINE,ALCOHOL
8f9a1d0e-19d6-4b4a-8560-991247de2cdd,Santa Lucia Merlot (medium),Medium,WWSC-SANTA-LUCIA-MERLOT-MEDIUM/RED,1.51,5.15,WINE,ALCOHOL
3c3ef694-69fd-4dbd-9c31-4e6875e10cc0,Santa Lucia Merlot (small),Small,WWSC-SANTA-LUCIA-MERLOT-SMALL/RED,1.01,3.85,WINE,ALCOHOL
74bef319-58b4-497d-8dcd-267b21e517e7,Soleil des Alpes Rose,Soleil des Alpes Rose,WWSC-SOLEIL-DES-ALPES/ROSE,8.89,27,WINE,ALCOHOL
c2321cbe-54a9-468c-ac22-d45f9d0d1723,Veuve Clicquot,Veuve Clicquot,WWSC-VEUVE-CLICQUOT,38.06,89,WINE,ALCOHOL
589b22b0-2c9a-498e-a6ad-063672c3f2f8,Veuve Clicquot (bottle),bottle,WWSC-VEUVE-CLIQUOT-BOTTLE,38.06,89,WINE,ALCOHOL
36057d53-1252-4aaf-86f0-7b5102645fbe,Veuve Clicquot (promo),promo,WWSC-VEUVE-CLIQUOT-PROMO,38.06,60,WINE,ALCOHOL
8308a909-8711-43cd-b2c4-cd22661c950d,Villa Wolf,Villa Wolf,WWSC-VILLA-WOLF/ROSE,9.95,28.15,WINE,ALCOHOL
2f5a8a9f-7bea-43de-a389-ca2638156037,Whispering Angel,Whispering Angel (Rose),WWSC-WHISPERING-ANGEL-ROSE,16.95,35,WINE,ALCOHOL
b0811f8f-2ae2-4729-a233-91e8e3ae3f73,Whispering Angel (bottle),bottle,WWSC-WHISPERING-ANGEL-BOTTLE,16.95,35,WINE,ALCOHOL
ceb6c96c-27f2-405c-92cd-5dfc8edfa510,Whispering Angel (promo),promo,WWSC-WHISPERING-ANGEL-PROMO,16.95,28,WINE,ALCOHOL
2b55e287-0d63-45ef-8390-9214e26c3947,Wide River Chenin,Wide River Chenin,WWSC-WIDER-RIVER-CHENIN/WHITE,6.24,20.25,WINE,ALCOHOL
8dd61213-fcca-43ad-ab82-e950bd8742f8,Wide River Chenin (bottle),Bottle,WWSC-WIDER-RIVER-CHENIN-BOTTLE/WHITE,6.24,20.25,WINE,ALCOHOL
770cb9d5-7d20-410b-a2da-1e8e9fc5c26a,Wide River Chenin (large),Large,WWSC-WIDER-RIVER-CHENIN-LARGE/WHITE,2.08,6.75,WINE,ALCOHOL
191a3300-3296-4ff1-a795-c3a9e97f3e89,Wide River Chenin (medium),Medium,WWSC-WIDER-RIVER-CHENIN-MEDIUM/WHITE,1.56,5.35,WINE,ALCOHOL
798511b2-900e-46b4-97d7-3af109807dfe,Wide River Chenin (small),Small,WWSC-WIDER-RIVER-CHENIN-SMALL/WHITE,1.04,3.95,WINE,ALCOHOL
a285aed4-2785-49d9-b777-974af3f9334d,Wide River Chenin (spritzer large),Spritzer large,WWSC-WIDER-RIVER-CHENIN-SPRITZER/WHITE,2.08,6.75,WINE,ALCOHOL
1bcced5b-ad60-4b64-a2a1-743143fc5ebb,Wide River Chenin (spritzer medium),Spritzer medium,WWSC-WIDER-RIVER-CHENIN-SPRITZER/WHITE,1.56,5.35,WINE,ALCOHOL
